,question,option_a,option_b,option_c,option_d,correct answer,option,subject,llama_score
0,பூவின் 4 வது நிலை,அலர்,மலர்,வீ,மொட்டு,மலர்,1,literature,1
1,பொருந்தாததைக் காண்க,ஔ,எ,அ,ண,ண,3,literature,0
2,நிருமித்த என்பதன் பொருள்,நிறுவனம்,விளைந்த,உருவாக்கிய,முடிவு,உருவாக்கிய,2,literature,0
3,பாவலரேறு வின் இயற்பெயர்,மணிவாசகம்,மாணிக்கவாசகர்,பெருஞ்சித்திரனார்,மாணிக்கம்,பெருஞ்சித்திரனார்,2,literature,1
4,பொருந்தாத்தைக் காண்க,நூறாசிரியம்,கொய்யாக்கனி,கனிச்சாறு,தமிழ்ச்சிட்டு,தமிழ்ச்சிட்டு,3,literature,0
5,முதலை என்ற சொல்லை பயன்படுத்திய இலக்கியம் எது,குறுந்தொகை,அகநானூறு,நற்றினை,பெரும்பாணாற்றுப்படை,குறுந்தொகை,0,literature,0
6,உயிரெழுத்துக்களில் நெடில் எழுத்துக்களின் எண்ணிக்கை,7,6,5,12,7,0,literature,0
7,இஸ்ரோவின் தலைவர்,சிவன்,முருகன்,அப்துல்கலாம்,மயில்சாமி அண்ணாதுரை,சிவன்,0,literature,0
8,தாய் மொழியில் படித்தால் ------ அடையலாம்,பொறுமை,பன்மை,சிறுமை,மேன்மை,மேன்மை,3,literature,1
9,தமிழ் மொழி இலக்கண வகைகள்,7,5,12,6,5,1,literature,1
10,தமிழ் என்ற சொல்லை முதலில் பயன்படுத்திய இலக்கியம் எது,தொல்காப்பியம்,வஞ்சிகாண்டம்,தேவாரம்,சிலப்பதிகாரம்,தொல்காப்பியம்,0,literature,0
11,பாகு என்பதன் பொருள் ,கார்ப்பு,புளிப்பு,இனிப்பு,கசப்பு,இனிப்பு,2,literature,0
12,கமுகு-ன் தாவரவியல் பெயர் என்ன ,தழை,மடல்,இலை,கூந்தல்,கூந்தல்,3,literature,1
13,பொருந்தாத்தைக் காண்க,அ,ய,ஞ,எ,ய,1,literature,1
14,மழை குறித்த அறிவியல் உண்மையை கூறியவர்,ஆண்டால்,கலிலியோ,ஔவையார்,தொல்காப்பியார்,ஆண்டால்,0,literature,0
15,எண்ணத்தை வெளிப்படுத்துவது,இயல்தமிழ்,இசைதமிழ்,முத்தமிழ்,நாடகத்தமிழ்,இயல்தமிழ்,0,literature,0
16,பாரதிதாசன் இயற்பெயர்,சுப்புரத்தினதாசன்,சுப்புரத்தினம்,சுப்ரமணியன்,சுப்பையா,சுப்புரத்தினம்,1,literature,0
17,நிலவு + என்று சேர்த்து எழுது,நிலவென்று,நிலவன்று,நிலவுஎன்று,நிலயென்று,நிலவென்று,0,literature,0
18,அசதி என்பதன் பொருள்,அலைச்சல்,சோர்வு,சோம்பேறி,தூக்கம்,சோர்வு,1,literature,1
19,வரகு-தாவர இலை பெயர் காண்க,மடல்,கூந்தல்,தாள்,புல்,தாள்,2,literature,0
20,----------- தமிழ் கண்டாய் எனப் பாடியவர் யார்,திருநாவுக்கரசர்,திருஞானசம்பந்தர்,சுந்தர்ர்,மாணிக்கவாசகர்,திருநாவுக்கரசர்,0,literature,0
21,மேதினி என்பதன் பொருள்,உலகம்,வானம்,ஊழி,மேகம்,உலகம்,0,literature,0
22,உலகில்----- மேற்பட்ட மொழிகள் உள்ளன,5000,6000,3000,4000,6000,1,literature,0
23,தமிழ்க்கும்மி நூலின் தொகுதிகள் எத்தணை,8,12,6,4,8,0,literature,0
24,சித்தம் என்பதன் பொருள் என்ன,உள்ளம்,மணம்,குணம்,மனம்,உள்ளம்,0,literature,0
25,நன்மாடங்கள் என்னும் சொல்லை பிரிக்க கிடைக்கும் சொல்,நன்மை+மாடங்கள்,நற்+மாடங்கள்,நல்+மாடங்கள்,நன்+மாடங்கள்,நன்மை+மாடங்கள்,0,literature,0
26,வெளிநாட்டு பறவைகளுக்கு புகலிடமாக திகழும் தென்னிந்திய மாநிலம் எது ,கேரளா,கர்நாடக,ஆந்திரா,தமிழ்நாடு,தமிழ்நாடு,3,literature,1
27,காக்கை குருவி எங்கள் சாதி என்று கூறியவர்,வாணிதாசன்,சலீம் அலி,பாரதிதாசன்,பாரதியார்,பாரதியார்,3,literature,1
28, உலக சிட்டுக்குருவி நாள்,மே6,மே20,மார்ச்12,மார்ச் 20,மார்ச் 20,3,literature,1
29,ஆர்டிக் ஆலா பறக்கும் தொலைவு,220கி.மீ,22000கி.மீ,400கி.மீ,2200கி.மீ,22000கி.மீ,1,literature,1
30,பறவைகள் பற்றிய படிப்பு,ஆர்னித்தாலஜி,எக்கோசிஸ்டம்,எண்டோமாலஜி,எபிகிராபி,ஆர்னித்தாலஜி,0,literature,0
31,சிட்டுக்குருவி வாழ முடியாத பகுதி,இமயமலை,வளைகுடா,துருவ பகுதி,பழநி மலை,துருவ பகுதி,2,literature,0
32,கிழவனும் கடலும் என்ற நூலின் ஆசிரியர்,ஜான்சன்,ஏர்னஸ்ட் ஹமிங்வே,ஏர்னஸ்ட் ஹாக்கிங்,ஹெர்வி ஸ்பியர்,ஏர்னஸ்ட் ஹமிங்வே,2,literature,0
33,திருக்குறள் எத்தணை சொற்களில் அறத்தை கற்று தருகிறது,2,8,6,7,7,3,literature,0
34,முடியாத செயலை முடித்துக் காட்டுபவர் யார்,குடும்பத்தலைவர்,சிறியோர்,பெரியோர்,கிராமத்தலைவர்,பெரியோர்,2,literature,0
35,திருக்குறள் எத்தனை ஆண்டுகளுக்கு முன் இயற்றப்பட்டது,2100,2500,200,2000,2000,3,literature,1
36,எழுத்துக்களுக்கு தொடக்கமாக அமைவது எதுவென திருவள்ளுவர் குறிப்பிடுகிறார்,ஆ,ஃ,உ,அ,அ,3,literature,1
37,ரியோ நகரில் மாற்றுதிறனாளிகளுக்கான ஒலிம்பிக் போட்டி நடைப்பெற்ற ஆண்டு,2004,2008,2012,2016,2016,3,literature,0
38,ரியோ எந்த நாட்டின் தலைநகரம்,ஜெர்மனி,ரஷ்யா,பிரேசில்,பிரான்ஸ்,பிரேசில்,2,literature,1
39,கழுத்தில் சூடுவது,தார்,மேகலை,தண்டை,கணையாழி,தார்,0,literature,0
40,கொங்கு என்பதன் பொருள் ,மரகந்தம்,அச்சம் தரும் கடல்,கருணை,மலர்தல்,மரகந்தம்,0,literature,0
41,அளி என்பதன் பொருள் ,கருணை,மரகந்தம்,இமயமலை,ஆணைச்சக்கரம்,கருணை,0,literature,0
42,ஆத்திமலர் மாலையை அணிந்தவர்,பாண்டியமன்னன்,சோழமன்னன்,சேரமன்னன்,பாளையக்காரர்கள்,சோழமன்னன்,1,literature,0
43,"""Migration"" என்ற சொல்லுக்கு இணையான தமிழ் சொல்லைக் கூறுக.",பயணம் செய்தல்,வலசை,புகலிடம்,இடம்பெயர்தல்,வலசை,1,literature,0
44,"""Continent ""என்ற சொல்லுக்கு இணையான தமிழ்  சொல்லைக் கூறுக.",கண்டம்,நாடு,உலகம்,கன்டம்,கண்டம்,0,literature,0
45,"""Weather""என்ற சொல்லுக்கு இணையான தமிழ் சொல்லைக் கூறுக.",அப்படி இருந்தால்,பருவநிலை,வெயில்,வானிலை,வானிலை,3,literature,1
46,அலர் என்பதன் பொருள்,காய்தல்,வாடுதல்,மலர்தல்,விரிதல்,மலர்தல்,2,literature,1
47,"திங்கள்,ஞாயிறு,மழை,என இயற்கையை வாழ்த்துவதாக அமைந்த நூல் எது?",மணிமேகலை,சிலப்பதிகாரம்,குண்டலகேசி,பாரதிதாசன் கவிதைகள்,சிலப்பதிகாரம்,1,literature,1
48,"""Climate"" என்ற சொல்லுக்கு இணையான தமிழ் சொல்லைக் கூறுக",பருவகால மாற்றம்,வானிலை,தட்பவெப்பநிலை,பருவநிலை,தட்பவெப்பநிலை,2,literature,0
49,தொல்காப்பியத்தில் உள்ள இயல்களின் எண்ணிக்கை,23,25,26,27,27,3,literature,0
50,புறநானூறு பாடல்களின் எண்ணிக்கை,450,400,250,300,400,1,literature,1
51,திருக்குறள் முதன்முதலில் அச்சிடப்பட்ட ஆண்டு,1812,1864,1893,1903,1812,0,literature,0
52,தமிழ் புலமைபெருங்கடல் என அழைக்கப்பட்டவர்,கம்பர்,உ.வே.சா,பெ.சுந்தரனார்,பாரதி,உ.வே.சா,1,literature,0
53,குடும்ப விளக்கு நூலை இயற்றியவர்,ஆறுமுக நாவலர்,பாரதியார்,பாரதிதாசன்,தாரா பாரதி,பாரதிதாசன்,2,literature,0
54,பகைவரை வென்றதை பாடும் இலக்கியம்,தூது,பரணி,உலா,கலம்பகம்,பரணி,1,literature,0
55,தமிழினின் கிளை மொழிகளில் ஒன்று,தெலுங்கு,இந்தி,உருது,ஆங்கிலம்,தெலுங்கு,0,literature,0
56,மலைக்கள்ளன் என்ற நூலின் ஆசிரியர்,புதுமைபித்தன்,நாரயணகவி,ராமலிங்கனார்,மு.வ,ராமலிங்கனார்,2,literature,0
57,பகு்தறிவு கவிராயர் என அழைக்கப்படுபவர்,நாமக்கல் கவிஞர்,பாரதிதாசன்,உடுமலை நாரயணகவி,மு.வ,உடுமலை நாரயணகவி,2,literature,0
58,தமிழ்மொழி எத்தணை கூறுகளை கொண்டது,3,2,6,4,2,1,literature,1
59,அற்புதம் என்பதன் பொருள்,மழை,மேகம்,வானவில்,விந்தை,விந்தை,3,literature,1
60,பேச்சு மொழியை------என்று கூறுவர்,வட்டார வழக்கு,உலக வழக்கு,உரைநடை வழக்கு,சொலவடைகள்,உலக வழக்கு,1,literature,0
61,முகிலினும் புகழ் படைத்த உபகாரி என்பதன் பொருள்,காரியம்,வள்ளல்,மன்னன்,உதவுவன்,வள்ளல்,1,literature,0
62,எல்லா மனிதரும் இன்புறவே என்றும் இசைந்திடும் அன்பறமே எனப் பாடியவர்,நாமக்கல் கவிஞர்,வள்ளலார்,பாரதியார்,பாரதிதாசன்,நாமக்கல் கவிஞர்,0,literature,0
63,எழுத்து மொழியை _____ வழக்கு என்பர்,மொழி,நூல்,இலக்கிய,உலக,இலக்கிய,2,literature,0
64,தமிழகத்தின் முதல் அரசவைக்கவிஞர்,புதுமைபித்தன்,ராமலிங்கனார்,கண்ணதாசன்,கல்யாணசுந்தரனார்,ராமலிங்கனார்,1,literature,0
65,கீழ்கண்டவற்றுள் எது மா என்னும் சொல் தரும் பொருள் அல்ல,வயல்,வண்டு,சங்கு,பெரிய,சங்கு,2,literature,0
66,நாடு+யாது என்பதை சேர்த்து எழுதுக,நாடுயாது,நாடுஆது,நாடியாது,நாடுஅது,நாடியாது,2,literature,0
67,"மொழியின் முதல்நிலை பேசுதல்,_______ ஆகியவையாகும்",கேட்டல்,படித்தல்,வரைதல்,எழுதுதல்,கேட்டல்,0,literature,0
68,நெறி என்ற சொல்லின் பொருள் என்ன,வழி,அறம்,குறிக்கோள்,கொள்கை,வழி,0,literature,0
69,கொக்கியாது என பிரித்து எழுதுக,கொக்கு+யாது,கொக்கி+யாது,கொக்கு+ஆது,கொக்கி+ஆது,கொக்கு+யாது,0,literature,0
70,வான்புகழ் கொண்ட நூல் எது,பரிபாடல்,பரணி ,கலம்பகம்,திருக்குறள்,திருக்குறள்,3,literature,1
71,பொறாமை இல்லாதவருடைய வறுமை யாரால் ஆராயப்படும்,சான்றோர்களால்,புலவர்களால்,தேவர்களால்,மன்னர்களால்,சான்றோர்களால்,0,literature,0
72,ஆசிய யானைகளில் ஆண்-பெண் யானைகளை வேறுபடுத்துவது எது ?,கண்,தந்தம்,காது,கால்நகம்,தந்தம்,1,literature,1
73,எளிமையின் இலக்கணம்,பாரதியார்,கக்கன்,நாகம்மை,ராஜாஜி,கக்கன்,1,literature,0
74,கொற்கைக் கடல் ---------கொழித்தது,முத்து வளம்,வைரம் வளம்,பவளம் வளம்,மீன் வளம்,முத்து வளம்,0,literature,0
75,விருதுப்பட்டி வீர்ர் யார்?,காமராசர்,கட்டபொம்மன்,வாஞ்சிநாதன்,வள்ளியம்மை,காமராசர்,0,literature,0
76,அறம் செய்ய விரும்பு என கூறியவர்,வள்ளுவர்,பரணர்,வள்ளலார்,ஔவையார்,ஔவையார்,3,literature,0
77,இரா.பி.சேதுவின் எந்த நூல் சாகித்ய அகாடமி விருது வாங்கியது,இன்பத்தமிழ்,தமிழ் விருந்து,ஊரும் பேரும்,தமிழ் இன்பம்,தமிழ் இன்பம்,3,literature,1
78,பரி என்பதன் பொருள் ,யானை,நாய்,குதிரை,ஓநாய்,குதிரை,2,literature,0
79,திருவள்ளுவமாலையை இயற்றியவர் யார்?,கபிலர்,கம்பர்,பரணர்,ஔவையார்,கபிலர்,0,literature,0
0,செய்யுளில் ஒரே பொருள் தரும் பல சொற்கள் வருவதற்கு என்ன பெயர்,சிலேடை,பொருள் பின்வரு நிலை அணி,உவமை,உருவகம்,பொருள் பின்வரு நிலை அணி,1,grammar,0
1,அணி என்னும் சொல்லுக்கு என்ன பொருள்,அழகு,வளர்ச்சி,ஒற்றுமை,செயல்,அழகு,0,grammar,0
2,இரட்டுரமொழிதல் அணியின் வேறு பெயர்,சிலேடை அணி,வஞ்சப்புகழ்ச்சி அணி,இரட்டுற மொழிதல்,உவமை அணி,சிலேடை அணி,0,grammar,0
3,இரட்டுரமொழிதல் அணியின் வகைகள்,2,3,4,5,2,0,grammar,0
4,பா எத்தனை வகைப்படும்,5,4,8,9,4,1,grammar,1
5,வெண்பா என்ன ஓசை பெற்று வரும்?,செப்பலோசை,அகவலோசை,ஆசரி,எவையுமில்லை,செப்பலோசை,0,grammar,0
6,இரு உதடுகள் பொருந்துவதால் பிறக்கும் எழுத்துகள்,"ப்,ம்","ய்,ர்","ப்,க்","க்,ங்","ப்,ம்",0,grammar,0
7,ஆசிரியப்பா என்ன ஓசை பெற்று வரும்,ஆசரி,செப்பலோசை,அகவலோசை,எவையுமில்லை,அகவலோசை,2,grammar,0
8,வெண்பாவின் வகைகள்,6,8,5,4,6,0,grammar,0
9,இரண்டு அடிகளை கொண்ட வெண்பா,குறள் வெண்பா,நேரிசை வெண்பா,இன்னிசை வெண்பா,சிந்தியல் வெண்பா,குறள் வெண்பா,0,grammar,0
10,புறத்திணைகள் மொத்தம்,12,8,5,10,12,0,grammar,0
11,பண்பு பெயர் புணர்ச்சி விதிகள்,7,5,8,6,7,0,grammar,0
12,"வினா,விடை வகைகள்","5,3","6,8","4,6","4,3","6,8",1,grammar,0
13,ஆய்தம்_____எழுத்து வகையை சார்ந்தது,முதலொழுத்து,உயிரெழுத்து,மெய்யெழுத்து,சார்பெழுத்து,சார்பெழுத்து,3,grammar,0
14,தமிழ்மொழியில் உள்ள எழுத்துக்கள்,245,246,247,249,247,2,grammar,0
15,கழுத்தில் இருந்து பிறப்பது,வல்லினம்,மெல்லினம்,இடையினம்,அனைத்தும்,இடையினம்,2,grammar,1
16,மூக்கில் இருந்து பிறப்பது,இடையினம்,வல்லினம்,மெல்லினம்,அனைத்தும்,மெல்லினம்,2,grammar,0
17,மார்பு இருந்து பிறப்பது,மெல்லினம்,இடையினம்,வல்லினம்,அனைத்தும்,வல்லினம்,2,grammar,0
18,அங்காப்பு என்பதன் பொருள்,வாயைத் திறத்தல்,பல்லை நா விளிப்பு தொடுதல் ,உதடுகளை குவித்து ஒலித்தல்,நாவினது முதற்பகுதி அன்னத்தைதொடுதல்,வாயைத் திறத்தல்,0,grammar,0
19,மனமுழா எந்த தினைக்குறிய பறைகள்,குறிஞ்சி,முல்லை ,மருதம்,நெய்தல்,மருதம்,2,grammar,0
20,வேய்புரைதோள்- உவம உருபு காண்க,வேய்,புரை,தோள்,வேள்,புரை,1,grammar,1
21,மலரன்ன சேவடி- உவம உருபு காண்க,மலர்,அன்ன,சேவடி,அலர்,அன்ன,1,grammar,0
22,வெண்பாவின் ஓசை,செப்பலோசை,அகவலோசை,தூங்கலோசை,துள்ளலோசை,செப்பலோசை,0,grammar,0
23,ஆசிரியப்பாவின் ஓசை,செப்பலோசை,துள்ளலோசை,அகவலோசை,செப்பலோசை,அகவலோசை,2,grammar,0
24,"செய்,கல்,படி என்று முடியும் வாக்கியம்",கட்டளை வாக்கியம்,செய்தி வாக்கியம்,உணர்ச்சி வாக்கியம்,தன் வினை வாக்கியம்,கட்டளை வாக்கியம்,0,grammar,0
25,ஔ என்பது மாத்திரை,கால் மாத்திரை,அரைமாத்திரை,ஒரு மாத்திரை,இரண்டு மாத்திரை,இரண்டு மாத்திரை,3,grammar,1
26,ஔவை சொல் இடம் பெறும் மாத்திரை,கால் மாத்திரை,அரை மாத்திரை,ஒரு மாத்திரை,ஒன்றரை மாத்திரை,ஒன்றரை மாத்திரை,3,grammar,1
27,சொல்லுக்கு முதலில் மட்டும் வரும் குறுக்கம்,மகரகுறுக்கம்,ஆயுத குறுக்கம்,ஐகாரகுறுக்கம்,ஔகாரகுறுக்கம்,ஔகாரகுறுக்கம்,3,grammar,0
28,அந்தமான் என்பது,தனிமொழி,தொடர்மொழி,பொதுமொழி,குறிப்பு,பொதுமொழி,2,grammar,0
29,உடன்பட்டு கூறும் விடை,மறைவிடை,சுட்டுவிடை,நேர்விடை,உற்று உரைத்தல் விடை,நேர்விடை,2,grammar,0
30,இரு சொற்கள் சேரும்போது எந்தவித மாற்றமின்றி சேருவது,இயல்பு புணர்ச்சி,விகாரப்புர்ச்சி,திசைப்பெயர் புணர்ச்சி,மையீற்று புணர்ச்சி,இயல்பு புணர்ச்சி,0,grammar,0
31,பண்புபெயரின் புணர்ச்சி விதிகள்,5,6,7,8,7,2,grammar,0
32,பாதிரி எந்த திணைக்குரிய பூ,குறிஞ்சி,முல்லை,மருதம்,பாலை,பாலை,3,grammar,0
33,உலகு என்னும் சொல் ஈற்றடியின் ஈற்றுச்சீராயின் வாய்ப்பாடு,உலகு,உலகம்,உலா,பிறப்பு,பிறப்பு,3,grammar,0
34,அகவற்பா என்பது ,இன்னிசை வெண்பா,நேரிசை வெண்பா,ஆசிரியப்பா,வெண்பா,ஆசிரியப்பா,2,grammar,0
35,அகத்திணை வகைகள்,5,6,7,8,7,2,grammar,0
36,இலக்கண குறிப்பறிக-கற்க,வினைமுற்று,வியங்கோள் வினைமுற்று,வினையெச்சம்,வினையாலனையும் பெயர்,வியங்கோள் வினைமுற்று,1,grammar,0
37,கந்தன் பாடம் படித்தான் எவ்வகை வாக்கியம்,தன்வினை,செய்வினை,பிறவினை,செயல்பாட்டு வினை,செய்வினை,1,grammar,0
38,அதியமான் அடக்கினான்,பிறவினை,தன்வினை,செயல்பாட்டு வினை,செய்வினை,பிறவினை,0,grammar,0
39,உடுக்கை இழந்தவர் கைபோல -உவமை காண்க,இடுக்கன் தருபவர்,இடுக்கன் களைபவர்,இடுக்கன் தராதவர்,இன்னா செய்பவர்,இடுக்கன் களைபவர்,0,grammar,0
40,இலவு காத்த கிளி-உவமை கருத்தை அறிதல்,கோபம்,துயரம்,அழுகை,ஏமாற்றம்,ஏமாற்றம்,3,grammar,0
41,எந்தமிழ்நா என்பதை பிரித்து எழுதுக,எந்+தமிழ்+நா,எந்த+தமிழ்+நா,எம்+தமிழ்+நா,எந்தம்+தமிழ்+நா,எம்+தமிழ்+நா,2,grammar,0
42,"கேட்டவர் மகிழப் பாடிய பாடல் எது-தொழில் பெயர்,வினையாள பெயர் காண்க",பாடிய;கேட்டவர்,பாடல்;பாடிய,கேட்டவர்;பாடிய,பாடல்;கேட்டவர்,பாடல்;கேட்டவர்,3,grammar,1
43,மிளகாய் விதை -குறிக்கும் பயிர் வகை,குலை வகை,மணிவகை,கொளுந்து வகை,இலை வகை,மணிவகை,1,grammar,0
44,தொல்காப்பியம் எவ்வகை நூல்,இலக்கியம்,இலக்கணம்,நாடகம்,இசை,இலக்கணம்,1,grammar,1
45,கல்- கூட்ட பெயர் காண்க,குலை,கட்டு,மந்தை,குவியல்,குவியல்,3,grammar,1
46,தொகைநிலை தொடர் எத்தனை வகைப்படும்,6,7,8,5,6,0,grammar,0
47,காலம் கரந்த பெயரச்சம்,வேற்றுமைதொகை,பண்புதொகை,வினைதொகை,உவமை தொகை,வினைதொகை,2,grammar,0
48,உவம உருபு மறைந்து வருவது,பண்புதொகை,உவமை தொகை,வேற்றுமைதொகை,வினைதொகை,உவமை தொகை,1,grammar,1
49,செங்காந்தள் என்பது ,வேற்றுமைதொகை,வினைதொகை,உவமை தொகை,பண்புதொகை,பண்புதொகை,3,grammar,1
50,தொகாநிலை தொடர் எத்தனை வகைப்படும்,9,12,6,8,9,0,grammar,0
51,நண்பா எழுது எவ்வகை தொடர்,எழுவாய் தொடர்,விளி தொடர்,பெயரச்ச தொடர்,வினையெச்ச தொடர்,விளி தொடர்,1,grammar,0
52,வினைமுற்றுடன் ஒரு பெயர் தொடர்வது,வினையெச்ச தொடர்,பெயரச்ச தொடர்,வினைமுற்று தொடர்,விளி தொடர்,வினைமுற்று தொடர்,2,grammar,1
53,இரண்டு மூன்று முறை அடுக்கி வருவது,இரட்டைகிளவி,அடுக்குத்தொடர்,எழுவாய் தொடர்,விளி தொடர்,அடுக்குத்தொடர்,1,grammar,1
54,வழு  எத்தனை வகைப்படும்,5,6,7,8,7,2,grammar,0
55,நன்னுளை இயற்றியவர்,தொல்காப்பியர்,பவணந்தி முனிவர்,இலங்கோவடிகள்,ஔவையார்,பவணந்தி முனிவர்,1,grammar,0
56,அருந்துணை பிரித்து எழுதுக,அருமை+துணை,அரு+துணை,அருமை+இணை,அரு+இணை,அருமை+துணை,2,grammar,0
57,சுரமும் சுரம் சார்ந்த இடமும்,குறிஞ்சி,முல்லை,மருதம்,பாலை,பாலை,3,grammar,1
58,அகத்தினை எத்தனை வகைப்படும்,5,6,7,8,7,2,grammar,0
59,கார்காலம் எந்த திணை பொழுது,குறிஞ்சி,மருதம்,முல்லை,நெய்தல்,முல்லை,2,grammar,0
60,விளரி யாழ் எந்த திணை,மருதம்,முல்லை,குறிஞ்சி,நெய்தல்,நெய்தல்,3,grammar,1
61,ஒரு தலை காமம் என்பது,கைக்கிளை,பெருந்திணை,தும்பைத்திணை,காஞ்சிதிணை,கைக்கிளை,0,grammar,0
62,மன்னாசை கொண்டு போரிடுவது,காஞ்சிதிணை,தும்பைத்திணை,கைக்கிளை,பெருந்திணை,காஞ்சிதிணை,0,grammar,0
63,அதசி என்பதன் பொருள்,மிளகு,சணல்,தொழில்,நிலம்,சணல்,1,grammar,1
64,யாப்பு உறுப்புகளின் எண்ணிக்கை,6,7,4,3,6,0,grammar,0
65,ஏகாரத்தில் முடிவது,வெண்பா,ஆசிரியபா,கலிப்பா,வஞ்சிபா,ஆசிரியபா,1,grammar,1
66,யாப்பதிகாரம் எழுதியவர்,வள்ளுவர்,புலவர்குழந்தை,கபிலர்,பரணர்,புலவர்குழந்தை,1,grammar,0
67,நேர்+நேர்,தேமா,புளிமா,கருவிளம்,கூவிளம்,தேமா,0,grammar,0
68,தார் - அலகிடுக,நாள்,மலர்,பிறப்பு,காசு,நாள்,0,grammar,0
69,இருவர் உரையாடுவது போன்றது,செப்பலோசை,அகவலோசை,துள்ளலோசை,தூங்கலோசை,செப்பலோசை,0,grammar,0
70,பூட்கை என்பதன் பொருள்,நட்பு,கொள்கை,நேர்மை,முனிவன்,கொள்கை,1,grammar,0
71,காத்திருத்தல் எதன் உரிபொருள்,முல்லை,மருதம்,நெய்தல்,குறிஞ்சி,முல்லை,0,grammar,0
72,முத்திகனி என்பது,பண்பு தொகை,வினை தொகை,உம்மை தொகை,உவமை தொகை,பண்பு தொகை,0,grammar,0
73,கொடியனார் என்பது,பண்பு தொகை,உம்மை தொகை,இடைக்குறை,வினையெச்சம்,இடைக்குறை,2,grammar,0
74,செய்பவரை முதன்மைபடுத்துவது,தன்வினை,பிறவினை,செய்வினை,செய்யபாட்டு வினை,செய்வினை,2,grammar,0
75,பகுபத உறுப்புகள் எத்தனை வகைப்படும்,5,6,7,8,6,1,grammar,1
76,இவற்றுள் எது எழுத்துப்பேறு,ந்,த்,ப்,ம்,த்,1,grammar,0
77,இவற்றுள் எது எதிர்மறை இடைநிலை,அ,ஆ,இ,ஈ,ஆ,1,grammar,0
78,தமிழ் உள்ள துணைவினைகள்,20,30,40,50,40,2,grammar,0
79,ஓகார இடைச்சொல் எத்தனை இடங்களில் வரும்,8,1,3,2,8,0,grammar,0
0,கீழ்க்கண்டவைகளில் எந்த ஒன்று இந்திய  குடியுரிமை பெறும் வழிமுறை அல்ல?, பிறப்பின் மூலம்,சொத்துரிமை பெறுவதன் மூலம்,"வம்சாவழியின் மூலம்

",இயல்பு குடியுரிமை மூலம்,சொத்துரிமை பெறுவதன் மூலம்,1,civics,0
1,அரசியலமைப்புச் சட்டத்தின் எந்தப் பகுதி மற்றும் பிரிவுகள் குடியுரிமையைப் பற்றிக் குறிப்பிடுகின்றன?,பகுதி II,பகுதி || பிரிவு 5-11,பகுதி II பிரிவு 5-6,பகுதி பிரிவு 5 – 11,பகுதி || பிரிவு 5-11,1,civics,0
2,இந்தியாவின் முதல் குடிமகன் யார்?,பிரதமர்,குடியரசுத் தலைவர்,முதலமைச்சர்,இந்திய தலைமை நீதிபதி,குடியரசுத் தலைவர்,1,civics,0
3, இந்திய அரசியலமைப்புச் சட்டம்  எந்த குடியுரிமையை மட்டும் வழங்குகிறது.,ஒற்றை,இரட்டை,இரண்டும்,இரண்டுமில்லை,ஒற்றை,0,civics,0
4,இளைஞர்களை நவீன சமுதாயத்தை வடிவமைப்பதில் பங்கேற்க செய்யும் ஒரு யோசனை என்பது,இந்திய குடியுரிமை,உலகளாவிய குடியுரிமை,இயல்பு குடியுரிமை,வாழ்வியல் குடியுரிமை,உலகளாவிய குடியுரிமை,1,civics,0
5,அமெரிக்க ஐக்கிய நாடுகள் ______ குடியுரிமையை வழங்குகிறது. ,இரட்டை,இரண்டும்,ஒற்றை,இரண்டுமில்லை,இரட்டை,0,civics,0
6,பாண்டிச்சேரி இந்திய யூனியனுடன் இணைந்த  வருடம்,1962,1955,1956,1945,1962,0,civics,0
7,இந்தியக் குடியுரிமைச் சட்டம்,1960,1955,1964,1965,1955,1,civics,1
8,குடியுரிமை எத்தனை வகைப்படும்,2,6,7,5,2,0,civics,0
9,ஒருவர் பிறப்பால் பெறக்கூடிய குடியுரிமை,இயற்கை குடியுரிமை,இயல்பு குடியுரிமை,வாழ்வியல் குடியுரிமை,உலகளாவிய குடியுரிமை,இயற்கை குடியுரிமை,0,civics,0
10,இந்தியக் குடிமகனாவதற்குரிய எத்தனை வழிமுறைகள் உள்ளன,4,6,5,2,5,2,civics,0
11,ஆதிமனிதன் --------------------- பகுதியில்  குடியேறி விவசாயம் செய்யத் தொடங்கினான்.,"
சமவெளிகள்",குன்றுகள்,மலைகள்,ஆற்றோரம்,ஆற்றோரம்,3,civics,1
12,மக்களாட்சியின் பிறப்பிடம் ------------------,சீனா,அமெரிக்கா,கிரேக்கம், ரோம்,கிரேக்கம்,2,civics,0
13,உலக மக்களாட்சி தினம் ---------------- ஆகும்., செப்டம்பர் 15, அக்டோபர் 15,ஜனவரி 15, டிசம்பர் 15, செப்டம்பர் 15,0,civics,0
14,நேரடி மக்களாட்சியில் வாக்களிப்பவர் -----------------------,ஆண்கள்,பெண்கள்,பிரதிநிதிகள்,வாக்காளர்கள்,வாக்காளர்கள்,3,civics,1
15,நேரடி மக்களாட்சியைச் செயல்படுத்தும் நாடு ,இந்தியா,சீனா,அமொரிக்கா,சுவிட்சர்லாந்து,சுவிட்சர்லாந்து,3,civics,0
16,மக்களாட்சிக்கான வரையறையை வகுத்தவர்  யார்,காந்தி,ஆப்ரகாம் லிங்கன்,நேரு,வல்லபாய் படேல் ,ஆப்ரகாம் லிங்கன்,1,civics,0
17,மாநில ஆளுநரால் நியமிக்கப்படுகிறார்,பிரதமர்,முதல்வர்,தலைமை நீதிபதி,ஜனாதிபதி,தலைமை நீதிபதி,2,civics,1
18,ஒரு மாநிலத்தின் சபாநாயகர் ஒரு ……………,மாநிலத் தலைவர்,அரசாங்கத் தலைவர்,இவை எதுவுமில்லை,ஜனாதிபதியின் முகவர்,இவை எதுவுமில்லை,2,civics,0
19,பின்வருவனவற்றில் ஆளுநரின் அதிகாரங்களில் ஒன்று இல்லாதது எது?,சட்டமன்றம்,நிர்வாகி,இராஜதந்திரம்,நீதித்துறை,இராஜதந்திரம்,2,civics,0
20,ஆங்கிலோ-இந்திய சமூகத்தின் ஒரு பிரதிநிதியை மாநில சட்டமன்றத்திற்கு யார் பரிந்துரைக்கலாம்?,குடியரசுத் தலைவர்,ஆளுநர்,மாநில சட்டமன்றத் தலைவர்,முதல்வர்,மாநில சட்டமன்றத் தலைவர்,2,civics,0
21,ஆளுநர் நியமிக்கவில்லை,முதலமைச்சர்,மாநில பொது சேவை ஆணையத்தின் தலைவர்,உயர் நீதிமன்ற நீதிபதிகள்,மாநிலத்தின் அட்வகேட் ஜெனரல்,உயர் நீதிமன்ற நீதிபதிகள்,2,civics,0
22,ஒரு மாநிலத்தின் முதலமைச்சர் ……………….,மாநில சட்டமன்றம்,ஆளுநர்,மாநில சட்டப் பேரவையின் சபாநாயகர்,குடியரசுத் தலைவர்,மாநில சட்டப் பேரவையின் சபாநாயகர்,2,civics,0
23,மாநில அமைச்சர்கள் குழு தலைமை வகிக்கிறது,முதல்வர்,கவர்னர்,பிரதமர்,சபாநாயகர்,பிரதமர்,2,civics,0
24,இந்திய அரசியலமைப்பின் முகவுரை எத்தனை முறை திருத்தப்பட்டது?,ஒரு முறை ,இரு முறை,மூன்று முறை, எப்போதும் இல்லை,ஒரு முறை ,0,civics,0
25,ஒரு வெளி நாட்டவர் கீழ்க்காணும் எதன் மூலம் இந்திய குடியுரிமை பெற முடியும்,வம்சாவளி,பதிவு,இயல்புரிமை,ஈ) மேற்கண்ட அனைத்தும், மேற்கண்ட அனைத்தும்,3,civics,0
26,"மாறுபட்ட ஒன்றைக் கண்டுபிடி

",சமத்துவ உரிமை, சுரண்டலுக்கெதிரான உரிமை, சொத்துரிமை,கல்லி மற்றும் கலாச்சார உரிமை, சொத்துரிமை,2,civics,0
27,கீழ்க்காண்பவற்றில் ஒன்று அடிப்படை உரிமையைப் பயன்படுத்துவதற்கு உதாரணம் இல்லை.,கர்நாடகாவிலிருந்து கேரளா பண்ணைகளில் வேலையாட்கள் பணிசெய்தல்,கிறித்துவ சமயக்குழு தொடர்ச்சியாக பள்ளிகளை அமைத்தல்,ஆண் பெண் இருபாலரும் அரசுப் பணிகளுக்கு சம ஊதியம் பெறுதல்,பெற்றோர்களின் பூர்வீக சொத்துகள் அவர்களது பிள்ளைகளுக்குச் செல்லுதல்,பெற்றோர்களின் பூர்வீக சொத்துகள் அவர்களது பிள்ளைகளுக்குச் செல்லுதல்,3,civics,0
28,பின்வருவனவற்றுள் எந்த உரிமை Dr. B. R. அம்பேத்கர் அவர்களால் “ இந்திய அரசியலமைப்பின் இதயம் மற்றும் ஆன்மா என விவரிக்கப்பட்டது?,சமத்துவ உரிமை,சமய வரி,அரசியலமைப்புக்குட்பட்டு தீர்வு காணும் உரிமை,சொத்து வரி,அரசியலமைப்புக்குட்பட்டு தீர்வு காணும் உரிமை ,2,civics,1
29, நமது அடிப்படைக் கடமைகளை ------- இடமிருந்து பெற்றோம்.,அமெரிக்க அரசியலமைப்பு, கனடா அரசியலமைப்பு,ரஷ்யா அரசியலமைப்பு,ஐரிஷ் அரசியலமைப்பு,ரஷ்யா அரசியலமைப்பு,2,civics,0
30,எந்த பிரிவின் கீழ் நிதி நிலை அவசரநிலையை அறிவிக்க முடியும்?, சட்டப்பிரிவு 360, சட்டப்பிரிவு 368,சட்டப்பிரிவு 356,சட்டப்பிரிவு 352, சட்டப்பிரிவு 360,0,civics,0
31,மத்திய அரசின் அரசியலமைப்பு தலைவர் ------- ஆவார்., தலைமை நீதிபதி,குடியரசுத் தலைவர், பிரதம அமைச்சர்,அமைச்சர்கள் குழு,குடியரசுத் தலைவர்,1,civics,1
32,ஒரு மசோதாவை நிதி மசோதாவா அல்லது இதர மசோதாவா என தீர்மானிக்கும் அதிகாரம் பெற்றவர்,லோக் சபாவின் சபாநாயகர்,இந்திய அரசின் தலைமை வழக்குரைஞர்,நாடாளுமன்ற விவகார அமைச்சர், குடியரசுத் தலைவர்,லோக் சபாவின் சபாநாயகர்,0,civics,0
33,அமைச்சர்கள் குழு ஒட்டு மொத்தமாக இதற்கு பொறுப்புடையவர்களாவர்.,குடியரசுத் தலைவர், மக்களவை,பிரதம அமைச்சர், மாநிலங்களவை, மக்களவை,1,civics,0
34,லோக்சபா தேர்தலில் போட்டியிட தேவையான குறைந்தபட்ச வயது ---, 18 வயது,25 வயது,17 வயது,22 வயது,25 வயது,1,civics,0
35,இந்திய மாநிலங்களின் எல்லைகளை மாற்றியமைக்கும் அதிகாரம் பெற்றவர் பெற்ற அமைப்பு,குடியரசுத் தலைவர்,பிரதம அமைச்சர், மாநில அரசாங்கம், நாடாளுமன்றம், நாடாளுமன்றம்,3,civics,1
36,உச்ச நீதிமன்ற தலைமை நீதிபதி மற்றும் மற்ற நீதிபதிகளை நியமிப்பவர்,இந்திய அரசின் தலைமை வழக்குரைஞர்,குடியரசுத் தலைவர்,ஆளுநர்,பிரதம அமைச்சர்,குடியரசுத் தலைவர்,1,civics,0
37,".ஒரு நபரோ, அரசோ அல்லது அரசியோ ஆட்சி செய்யும் முறை",தனி நபராட்சி,முடியாட்சி,குடியரசு,மக்களாட்சி,முடியாட்சி,1,civics,0
38,முழு அதிகாரத்துடன் கொண்ட ஒரு அரசாங்க முறை,சிறுகுழு ஆட்சி,மக்களாட்சி,தனிநபராட்சி,மதகுருமார்களின் ஆட்சி,தனிநபராட்சி,2,civics,0
39,பொருந்தாத ஒன்றை தேர்ந்தெடுக்கவும்,பிரான்ஸ்,வாடிகன்,அமெரிக்க ஐக்கிய நாடுகள்,இந்தியா,வாடிகன்,1,civics,0
40,குடவோலை முறையை பின்பற்றியவர்கள்,பாண்டியர்கள்,களப்பிரர்கள்,சோழர்கள்,சேரர்கள்,சோழர்கள்,2,civics,0
41,எந்த மொழியில் இருந்து 'டெமாகிரஸி' என்ற வார்த்தை பெறப்பட்டது?,லத்தீன்,அரபு,பாரசீகம்,கிரேக்கம்,கிரேக்கம்,3,civics,1
42,தமிழக சட்டமன்ற தொகுதிகளின் எண்ணிக்கை ,234,545,500,118,234,0,civics,0
43,மாநிலத்தின் பல்கலைக்கழகங்களின் வேந்தராக செயல்படுபவர்,மாநில முதல்வர்,மாநில ஆளுநர்,கல்வி அமைச்சர்,இவற்றில் எதுவுமில்லை,மாநில ஆளுநர்,1,civics,0
44,மாநில அரசின் சட்டங்கள் யாரால் இயற்றப்படுகின்றன, முதலமைச்சர்,சட்டமன்ற உறுப்பினர்கள்,குடியரசுத்தலைவர்,மாநில ஆளுநர்,சட்டமன்ற உறுப்பினர்கள்,1,civics,0
45,சட்டமன்ற மேலவை உறுப்பினர்களின் பதவிக்காலம்,6 ஆண்டுகள்,3 ஆண்டுகள்,4 ஆண்டுகள்,5 ஆண்டுகள்,6 ஆண்டுகள்,0,civics,0
46,மாநில அரசின் உயர் அதிகாரிகளை நியமிப்பதில் முக்கிய பங்கு வகிப்பவர்,ஆளுநர்,குடியரசுத்தலைவர்,முதலமைச்சர்,அமைச்சர்,முதலமைச்சர்,2,civics,1
47,பதவியேற்ற முதலமைச்சர் சட்டமன்ற உறுப்பினராக இல்லாவிட்டால் ----மாத காலத்திற்குள் சட்டமன்ற உறுப்பினராக வேண்டும்.,9 மாத,3 மாத,6 மாத,7 மாத,6 மாத,2,civics,0
48,இரண்டாம் உலகப் போருக்குப் பின்னர் ------------ மனித உரிமைகளைப் பாதுகாக்க பல நடவடிக்கைகளை எடுத்துள்ளது.,ஐ.நா. சபை,உச்ச நீதிமன்றம்,சர்வதேச நீதிமன்றம்,இவைகளில் எதுவுமில்லை,ஐ.நா. சபை,0,civics,0
49,1995ஆம் ஆண்டில் உலகம் முழுவதிலும் இருந்து பெண்கள் ----------- இல் கூடினர்.,நியூயார்க்,பெய்ஜிங்,டெல்லி,எதுவுமில்லை,பெய்ஜிங்,1,civics,0
50,தேசிய மனித உரிமைகள் ஆணையம் நிறுவப்பட்ட ஆண்டு,1974,1978,1993,1992,,2,civics,0
51,ஐ.நா. சபை 1979ஆம் ஆண்டை --------------- சர்வதேச ஆண்டாக அறிவித்தது.,பெண்குழந்தைகள்,குழந்தைகள்,பெண்கள்,இவற்றில் எதுவுமில்லை,குழந்தைகள்,1,civics,0
52,உலக மனித உரிமைகள் தினமாக அனுசரிக்கப்படும் நாள் எது?,டிசம்பர் 5,டிசம்பர் 10,டிசம்பர் 6,டிசம்பர் 8,டிசம்பர் 10,1,civics,1
53,மனித உரிமைகளின் நவீன சர்வதேச மகாசாசனம் என அழைக்கப்படுவது எது?,மனித உரிமைகளுக்கான உலகளாவிய அறிவிப்பு (UDHRC),தேசிய மனித உரிமைகள் ஆணையம் (NHRC),மாநில மனித உரிமைகள் ஆணையம் (SHRC),சர்வதேசப் பெண்கள் ஆண்டு,மனித உரிமைகளுக்கான உலகளாவிய அறிவிப்பு (UDHRC),0,civics,1
54,தேசிய மனித உரிமைகள் ஆணையத்தின் தலைவராக நியமிக்கப்படுபவர் யார்,ஓய்வுபெற்ற உயர் நீதிமன்ற நீதிபதி,ஓய்வு பெற்ற உச்ச நீதிமன்ற தலைமை நீதிபதி,குடியரசுத் தலைவரால் நியமிக்கப்படும் ஏதேனும் ஒருவர்,ஏதேனும் ஒரு நீதிமன்றத்தில் ஓய்வு பெற்ற தலைமை நீதிபதி,ஓய்வு பெற்ற உச்ச நீதிமன்ற தலைமை நீதிபதி,1,civics,1
55,உலக மனித உரிமைகள் அறிவிப்பில் உள்ள சட்டப்பிரிவுகளின் எண்ணிக்கை யாவை?,20,30,40,50,30,1,civics,1
56,தேசிய மனித உரிமைகள் ஆணையத் தலைவரின் பதவிக் காலம் என்ன,5 ஆண்டுகள் அல்லது 62 வயது வரை,5 ஆண்டுகள் அல்லது 65 வயது வரை,6 ஆண்டுகள் அல்லது 65 வயது வரை,5 ஆண்டுகள் அல்லது 70 வயது வரை,5 ஆண்டுகள் அல்லது 70 வயது வரை,3,civics,0
57,தேசிய மனித உரிமைகள் ஆணைய தலைமையகம் அமைந்துள்ள இடம் எது?,புது டெல்லி,மும்பை,அகமதாபாத்,கொல்கத்தா,புது டெல்லி,0,civics,0
58,மாநில மனித உரிமைகள் ஆணையம் அமைக்கப்பட்ட ஆண்டு,1997,1987,1975,1985,1997,0,civics,1
59,ஐக்கிய நாடுகள் சபை நிறுவப்பட்ட ஆண்டு,1942,1945,1957,1978,1945,1,civics,1
60,மனித உரிமைச் சட்டம் தேசிய மனித உரிமைகள் ஆணையம் உருவாக வழிவகுத்த ,1992,1993,199,1995,1993,1,civics,0
61,சிவப்பு விளக்கு ஒளிரும் போது,பாதை தெளிவாக இருக்கும் போது நீங்கள் தொடர்ந்து செல்லல்லாம்,நீங்கள் வாகனத்தை நிறுத்தி பச்சைவிளக்கு ஒளிரும் வரை காத்திருக்க வேண்டும்,உன் நண்பனின் குறுந்தகவலுக்கு விரைவாக பதில் அனுப்பலாம்,செல்லிடப்பேசியில் உரையாடலாம்,நீங்கள் வாகனத்தை நிறுத்தி பச்சைவிளக்கு ஒளிரும் வரை காத்திருக்க வேண்டும்,1,civics,0
62,பாதசாரிகள் சாலையைக் கடக்குமிடம்,சமிக்ஞைகளுக்கு அருகில்,வரிகோட்டு பாதையில்,இவற்றில் எதுவுமில்லை,எங்குவேண்டுமானாலும்,வரிகோட்டு பாதையில்,1,civics,1
63,சாலை பாதுகாப்பு வாரம் ஒவ்வொரு வருடமும் கொண்டாடப்படும் மாதம்,டிசம்பர்,ஜனவரி,மார்ச்,மே,ஜனவரி,1,civics,0
64,"அவசர காலத்தில், அவசர சிகிச்சை ஊர்தி சேவைக்காக அழைக்க வேண்டிய எண்",108,100,106,101,108,0,civics,0
65,சாலை விபத்துக்களுக்கான காரணங்கள் யாவை?,அதிவேகம்,குடிபோதையில் ஓட்டுதல்,ஓட்டுநர்கள் கவனச்சிதறல்,இவை அனைத்தும்,இவை அனைத்தும்,3,civics,1
66,போக்குவரத்துக் குறியீடுகளின் முதல் வகை,எச்சரிக்கை குறியீடுகள்,கட்டாய குறியீடுகள்,தகவல் குறியீடுகள்,இவற்றில் எதுவுமில்லை,கட்டாய குறியீடுகள்,1,civics,0
67,சேது பாரதம் திட்டம் துவங்கப்பட்ட ஆண்டு,2014,2015,2016,2019,2016,2,civics,0
68,ABS என்பதனை விரிவாக்கம் செய்க.,எதிர் நிறுத்தி ஆரம்பம்,பூட்டுதலில்லா நிறுத்தும் அமைப்பு,வருடாந்திர அடிப்படை அமைப்பு,இவற்றுள் எதுவுமில்லை,பூட்டுதலில்லா நிறுத்தும் அமைப்பு,1,civics,0
69,வளைவில் முந்துவது,அனுமதிக்கப்படுகிறது, கவனத்துடன் அனுமதிக்கப்படுகிறது,அனுமதியில்லை,நமது விருப்பம்,அனுமதியில்லை,2,civics,1
70,  புதிய சிற்றுந்துகளுக்கான வரி எத்தனை  வருடத்திற்க்கு ஒரு முறை,13 வருடங்கள்,15 வருடங்கள்,17 வருடங்கள்,12 வருடங்கள்,15 வருடங்கள்,1,civics,0
71,இந்திய ஆயுதப் படைகளின் தலைமைத் தளபதி,குடியரசுத் தலைவர்,பிரதம அமைச்சர்,ஆளுநர்,முதலமைச்சர்,குடியரசுத் தலைவர்,0,civics,0
72,இந்திய இராணுவப் படையின் முதன்மை நோக்கமானது,தேசிய பாதுகாப்பு,தேசிய ஒற்றுமை,அந்நிய ஆக்கிரமிப்பிலிருந்து நாட்டைக் காத்தல்,மேற்கூறிய அனைத்தும்,மேற்கூறிய அனைத்தும்,3,civics,0
73,இராணுவ தினம் அனுசரிக்கப்படும் நாள்,ஜனவரி 15,பிப்ரவரி 1,மார்ச் 10,அக்டோபர் 7,ஜனவரி 15,0,civics,0
74,அஸ்ஸாம் ரைபிள்ஸ் எதன் கீழ் செயல்படுகிறது?,பாதுகாப்பு அமைச்சகம்,தேசிய பாதுகாப்பு ஆலோசகர்,திட்ட மேலாண்மை நிறுவனம்,உள்துறை அமைச்சகம்,உள்துறை அமைச்சகம்,3,civics,0
75, இந்தியக் கடலோரக் காவல்படை நிறுவப்பட்ட ஆண்டு,1976,1977,1978,1979,1978,2,civics,0
76,இந்திய வெளியுறவுக் கொள்கையானது பல்வேறு கோட்பாடுகளை அடிப்படையாகக் கொண்டது. அவைகளுள் ஒன்று,சத்தியமேவ ஜெயதே,பஞ்சசீலம்,மேற்கூறிய இரண்டும்,மேற்கூறிய எவையுமில்லை,பஞ்சசீலம்,1,civics,0
77,பின்வருவனவற்றுள் எந்த தீவுகள் இந்தியாவிற்கு சொந்தமானவை?,அந்தமான் மற்றும் மாலத்தீவு,அந்தமான் மற்றும் லட்சத்தீவுகள்,இலங்கை மற்றும் மாலத்தீவு,மாலத்தீவு மற்றும் லட்சத்தீவுகள்,அந்தமான் மற்றும் லட்சத்தீவுகள்,1,civics,0
78,இந்தியாவின் மிக உயர்ந்த மற்றும் இறுதியான நீதித்துறை ---------------,குடியரசுத் தலைவர்,நாடாளுமன்றம்,உச்ச நீதிமன்றம்,பிரதம அமைச்சர்,உச்ச நீதிமன்றம்,2,civics,1
79,பொதுநல வழக்கு முறை இந்தியாவில் --------------- ஆல் அறிமுகப்படுத்தப்பட்டுள்ளது.,உச்சநீதிமன்றம்,ஆ) நாடாளுமன்றம்,அரசியல் கட்சிகள்,அரசியலமைப்பு சட்ட திருத்தங்கள்,உச்சநீதிமன்றம்,0,civics,1
0,பொருளியல் பாடத்தின் கிளைகள் என்பவை,சொத்து மற்றும் நலமும்,உற்பத்தி மற்றும் நுகர்வு,தேவையும் மற்றும்  அளிப்பும்,நுண்ணியல் மற்றும் பேரியல்,நுண்ணியல் மற்றும் பேரியல்,3,economics,0
1,மேக்ரே' என்ற வார்த்தையை அறிமுகப்படுபவர் யார்?,ஆடம்ஸ்மித்,ஜே.எம்.கீனஸ்,ராக்னர் பிரிக்ஸ்,காரல் மார்க்ஸ்,ராக்னர் பிரிக்ஸ்,2,economics,0
2,நவீன பேரியல் பொருறியலின் தந்தை என அழைக்கப்படுபவர் யார் ?,ஆடம்ஸ்மித்,ஜே.எம்.கீன்ஸ்,ராக்னர் பிரிக்ஸ்,காரல் மார்க்ஸ்,ஜே.எம்.கீன்ஸ்,1,economics,0
3,பொதுவான விலையில் தொடர் உயர்வை குறிப்பிடும் கருத்து ----- ஆகும்.,மொத்த விலைக் குறியீடு ,வாணிபச்சுழல்,பணவீக்கம்,தேசியவருவாய்,பணவீக்கம்,2,economics,1
4,பொருளாதாரக் கொள்கைகளின் அவசியத்தைக் குறிப்பிடுக,அடிப்படைப் பிரச்சனைகளைத் தீர்ப்பது,தடைகளை முறியடிப்பது,வளர்ச்சியை அடைவது,மேலே கூறப்பட்ட அனைத்தும்,மேலே கூறப்பட்ட அனைத்தும்,3,economics,1
5,ஒரு பொளாதார அமைப்பில் காணப்படுவது,உற்பத்தி துறை,நுகர்வு துறை,அரசு துறை,மேலே கூறப்பட்ட அனைத்தும்,மேலே கூறப்பட்ட அனைத்தும்,3,economics,1
6,முதலாளித்துவத்தின் தந்தை என அழைக்கப்படுவர் யார்?,ஆடம்ஸ்மித்,காரல் மார்க்ஸ்,காரல் மார்க்ஸ்,தக்கேரி,ஆடம்ஸ்மித்,0,economics,0
7,முதலாளித்துவத்தை பின்பற்றும் நாடு -------ஆகும்,ரஷ்யா,அமெரிக்கா,இந்தியா,சீனா,அமெரிக்கா,1,economics,0
8,சமத்துவத்தின் தந்தையை கண்டுபிடி.,ஜே.எம்.கீன்ஸ்,காரல் மார்க்ஸ்,ஆடம்ஸ்மித்,சாமுவேல்சன்,காரல் மார்க்ஸ்,1,economics,1
9,கீழ்வருவனவற்றுள் ஓட்ட மாறிலியை கண்டுபிடி,பண அளிப்பு,சொத்துக்கள்,வருவாய்,வெளிநாட்டுச் செலாவணி இருப்பு,வருவாய்,2,economics,1
10,திறந்துவிடப்பட்ட பொருதாரத்தின் வட்ட ஓட்ட மாதிரி என்பது ------- ஆகும்.,இரு துறை மாதிரி,முத்துறை மாதிரி,நான்கு துறை மாதிரி,மேல் சொல்லப்பட்ட அனைத்தும்,நான்கு துறை மாதிரி,2,economics,0
11,உற்பத்திக்காரணியின் செலவின் அடிப்படையிலான NNP ,தேசிய வருவாய்,உள்நாட்டு வருமானம்,தலை வீத வருமானம்,சம்பளம்,தேசிய வருவாய்,0,economics,0
12,முதன்மை துறை என்பது,தொழில்,வியாபாரம்,விவாசயம்,கட்டடம் கட்டுதல்,விவாசயம்,2,economics,0
13,எத்தனை முறைகளால் தேசிய வருவாய் கணக்கிடப்படுகிறது?,2,3,5,4,3,1,economics,0
14,எவற்றை கூட்டி வருமான முறையில் தேசிய வருவாய் கணக்கிடப்படுகிறது,வருவாய்,வரி,செலவு,வருமானம்,வருமானம்,3,economics,1
15,மூன்றாம்துறை --------எனவும் அழைக்கப்படுகிறது.,பணிகள்,வருமானம்,தொழில்,உற்பத்தி,பணிகள்,0,economics,0
16,ஒரு நாட்டின் --------செயலை தேசிய வருவாய் குறிப்பிடுகிறது,தொழில்,விவாசயம்,பொருளாதாரம்,நுகர்வு,பொருளாதாரம்,2,economics,1
17,GNP = ----+ வெளிநாட்டிலிருந்து வரும் நிகர காரணி வருமானம்,NNP,NDP,GDP,தனிநபர் வருமானம்,GDP,2,economics,1
18,NNP என்பது----------,Net National Product,National Net Product,National Net Provident,Net Netional Provident,Net National Product,0,economics,1
19,மொத்த மதிப்பிலிருந்து ----- ஐ கழித்தால் நிகர மதிப்பு கிடைக்கும்?,தேய்மானம்,வருமானம்,செலவு,முடிவடைந்த பொருட்களின் மதிப்பு,தேய்மானம்,0,economics,0
20,இந்தியாவில் நிதி ஆண்டு என்பது-------,ஏப்ரல் 1முதல் மார்ச் 31,மார்ச் 1 முதல் ஏப்ரல் 30,மார்ச் 1முதல் மார்ச் 16,ஜனவரி 1 முதல் டிசம்பர் 31,ஏப்ரல் 1முதல் மார்ச் 31,0,economics,0
21,உற்பத்திப் புள்ளியில் NNP யின் மதிப்பு -----என அழைக்கப்படுகிறது,காரணி செலவில் NNP,சந்தை விலையில் NNP,காரணி செலவில் GNP,தலைவீத வருமானம்,காரணி செலவில் NNP,0,economics,0
22,ஒரு நாட்டின் சராசரி வருமானம் என்பது,தனிநபர் வருமானம்,தலைவீத வருமானம்,பணவீக்க வீதம்,செலவிடக்கூடிய வருமானம்,தலைவீத வருமானம்,1,economics,1
23,பணவீக்கத்திற்கு சரிபடுத்தப்பட்ட தேசியவருவாயின் மதிப்பு ______ என அழைக்கப்படுகிறது,பணவீக்க வீதம்,செலவிடக்கூடிய வருமானம்,GNP,உண்மை தேசிய வருவாய்,உண்மை தேசிய வருவாய்,3,economics,0
24,கீழ்கண்டவற்றுள் எது ஓட்ட கருத்துரு,சட்டைகளின் எண்ணிக்கை,மொத்த சொத்து,மாத வருமானம்,பண அளிப்பு,மாத வருமானம்,2,economics,0
25,PQLI என்பது ______ ன் குறியீடு,பொருளாதார வளர்ச்சி,பொருளாதார,பொருளாதார நலன்,பொருளாதார முன்னேற்றம்,பொருளாதார நலன்,2,economics,1
26,அதிக தேசிய வருவாய் ______ லிருந்து வருகிறது,தனியார் துறை,உள் துறை,பொது துறை,எதுவும் இல்லை,தனியார் துறை,0,economics,0
27,அமைப்புசார் வேலையின்மையின் இயல்பு,இயங்கா சமுதாயம்,சமதர்ம சமுதாயம்,இயங்கும் சமுதாயம்,கலப்பு பொருளாதாரம்,இயங்கும் சமுதாயம்,2,economics,1
28,மறைமுக வேலையின்மையின் இயல்பு -------,பூஜ்யம்,ஒன்று,இரண்டு,நேர்மறை,பூஜ்யம்,0,economics,0
29,வேலைவாய்ப்பு பற்றி தொன்மை கோட்பாட்டின் மையக் கருத்து என்பது,குறைந்து செல் விளைவு விதி ,தேவை விதி,அங்காடி விதி,நுகர்வு விதி,அங்காடி விதி,2,economics,0
30,சேமிப்புக்கும் முதலிட்டுக்கும் இடையே சமநிலையை கொண்டு வருவது------ நிகழ்வு ஆகும்.,தேவையின்,அளிப்புயின்,முலதனத்தின்,வட்டியின்,வட்டியின்,3,economics,1
31,தொகு தேவையின் கூறு-------ஆகும்,தனி நபர் தேவை,அரசு செலவு,ஏற்றுமதி மட்டும்,இறக்குமதி மட்டும்,அரசு செலவு,1,economics,0
32,மொத்த அளிப்பு சமம்------,C+I+G,C+S+G+(X-M),C+S+T+(X-M),C+S+T+Rf,C+S+T+Rf,3,economics,0
33,தொன்மை கோட்பாடு -----ஆதரிக்கிறது.,சமநிலை வரவு செலவு,உபரி வரவு செலவு,சமஅற்ற வரவு செலவு,பற்றாகுறை வரவு செலவு,சமநிலை வரவு செலவு,0,economics,0
34,------சமநிலையை கீன்ஸ்யின் கோட்பாடு ஆதரிக்கிறது,மிக குறுகிய காலம்,குறுகிய காலம்,மிக நீண்ட காலம்,நீண்ட காலம்,குறுகிய காலம்,1,economics,0
35,"தொன்மைகோட்பாட்டின் படி ,வட்டி வீதம்_____ க்கான வெகுமதி",முதலீடு,தேவை,மூலனம்,சேமிப்பு,சேமிப்பு,3,economics,0
36,சராசரி நுகர்வு நாட்டம் கணக்கிடப்படுவது ,C/Y,CY,Y/C,C+Y,C/Y,0,economics,0
37,MPCயும்  MPSயும் கூட்டினால் கிடைப்பது,1,2,0.1,1.1,1,0,economics,0
38,"வருவாய் உயர்ந்தால், நுகர்வு",குறையும்,மாறாது,ஏறி இறங்கும்,உயரும்,உயரும்,3,economics,1
39,பெருக்கியின் மதிப்பு,1/(1-MPC),1/MPS,1/MPC,B and C,B and C,3,economics,1
40,"MPC=0.5 எனில் ,பெருக்கியின் மதிப்பு",2,2024-01-02 00:00:00,0.2,20,2,0,economics,1
41,MEC என்ற கருத்துருவை உருவாக்கியவர் யார்,ஆடம் ஸ்மி்த்,கீன்ஸ்,ரிகார்டோ,மால்தஸ்,கீன்ஸ்,1,economics,1
42,மிகைபெருக்கியை என்ற கருத்துருவை உருவாக்கியவர் யார்,ஹிக்ஸ்,ஆலன்,கான்,கீன்ஸ்,ஹிக்ஸ்,0,economics,0
43,ஆர்பிஐ-ன் தலமையகம் அமைந்துள்ள இடம்,டெல்லி,சென்னை,மும்பை,பெங்களூர்,மும்பை,2,economics,0
44,காகிதப்பண முறையை மேலாண்மை செய்வது,மைய பணவியல் அமைப்பு,மாநில அரசு,மைய அரசு,வங்கிகள்,மைய பணவியல் அமைப்பு,0,economics,0
45,இர்விங் பிஷர் பணஅளவுக் கோட்பாடு பிரபலமான ஆண்டு,1908,1910,1911,1914,1911,2,economics,0
46,MV என்பது,பணத்தேவை,சட்டபூர்வ பண அளிப்பு,வங்கிப் பண அளிப்பு,மொத்த பண அளிப்பு,சட்டபூர்வ பண அளிப்பு,1,economics,1
47,பணவீக்கம் என்பது,விலைகள் அதிகரிப்பு,விலைகள் குறைதல்,பணமதிப்பு அதிகரிப்பு,விலைகள் மாறாதிருத்தல்,விலைகள் அதிகரிப்பு,0,economics,1
48,_____ என்பது பணவீக்க வகிதம் குறைந்து செல்வது ,எதிர் பணவீக்கம்,பணவாட்டம்,தேக்கவீக்கம்,மந்தம்,எதிர் பணவீக்கம்,0,economics,1
49,பற்று அட்டை என்பது ----உதாரணம் ஆகும்,கட்டளை பணம்,காகித பணம்,நெகிழி பணம்,கடன் பணம்,நெகிழி பணம்,2,economics,0
50,ஒரு வங்கி என்பது ,நிதிநிறுவனம்,கூட்டுபங்கு நிறுவனம்,தொழில்,சேவை நிறுவனம்,நிதிநிறுவனம்,0,economics,0
51,வங்கி கடன் என்பது எதை குறிக்கிறது..,கடன் பணம்,முன் பணம்,கடன் மற்றும் முன் பணம்,கடன் பெறுல்,கடன் மற்றும் முன் பணம்,2,economics,1
52,கடன் உருவாக்கம் என்பதன் பொருள்,கடன் மற்றும் முன் பணம் பெருக்கம்,வருவாய்,செலவு,சேமிப்பு,கடன் மற்றும் முன் பணம் பெருக்கம்,0,economics,0
53,வங்களின் வங்கி என அழைக்கப்படுவது,SBI,NABARD,ICICI,RBI,RBI,3,economics,1
54,மைய வங்கி நாட்டின் -----அதிகார அமைப்பு,பணவியல்,நிதியல்,கூலி,தேசிய வருவாய்,பணவியல்,0,economics,0
55,வங்கி விகிதம் என்பது ,முதல்நிலை பத்திரங்களை மறு தள்ளுபடி செய்வது,வட்டி விகிதம்,அந்நிய செலவானி,வளர்ச்சி விகிதம்,முதல்நிலை பத்திரங்களை மறு தள்ளுபடி செய்வது,0,economics,0
56,நெறிமுறை தூண்தல் என்பது,உத்தமநிலை படுத்தல்,உச்ச நிலை படுத்தல்,தூண்டுதல் நடவடிக்கை,குறைவு நிலைப்படுத்துதல்,தூண்டுதல் நடவடிக்கை,2,economics,1
57,விவாசய மறுநீதி மேம்பாட்டு கலகம் துவங்கப்பட்டது,1964,1963,1960,1965,1963,1,economics,0
58,நபார்டு வங்கி எப்போழுது துவங்கப்பட்டது,1962,1972,1982,1992,1982,2,economics,0
59,மாநில நிதிக்கழகம் எந்த சட்டத்தின் கீழ் துவங்கப்பட்டது,இந்திய அரசு,யூனியன் பிரதேசம்,தமிழக அரசு,உள்துறை அரசு,இந்திய அரசு,0,economics,0
60,பணவியல் கொள்கையை வடிவமைப்பது,கூட்றவு வங்கிகள்,வணிக வங்கிகள்,மைய வங்கி,வெளிநாட்டு வங்கி,மைய வங்கி,2,economics,0
61,நிகழ்நிலை வங்கியகம் என்பது எவ்வாறு அழைக்கப்படுகிறது?,இ-வங்கி,இணைய வங்கி,ஆர்.டி.ஜி.எஸ்,நெப்ட்,இணைய வங்கி,1,economics,1
62,பன்னாட்டு பண நிதியத்தின் தலைமை அலுவலகம் அமைந்துள்ள இடம்,வாஷிடங்டன் டி.சி,நியூ யார்க்,வியன்னா,ஜெனிவா,வாஷிடங்டன் டி.சி,0,economics,0
63,ஐபிஆர்டி இவ்வாறாகவும் அழைக்கப்படுகிறது,பன்னாட்டு பணநிதியம்,உலகவங்கி,ஆசியான்,பன்னாட்டு நிதிகழகம்,உலக வங்கி,1,economics,0
64,சிறப்பு எடுப்பு உரிமையின் மற்றொரு பெயர்,தாள் தங்கம்,பங்களவுகள்,தன் விருப்ப ஏற்றுமதி தடைகள் ,இவை ஏதுமைல்லை,தாள் தங்கம்,0,economics,0
65,நீண்டகாலக் கடன் வழங்கும் நிதி நிறுவனம்,உலகவங்கி,பன்னாட்டு பணநிதியம்,உலக வர்த்தக அமைப்பு,பிரிக்ஸ்,உலகவங்கி,0,economics,0
66, கீழ்கண்ட நாடுகள் எது சார்க் அமைப்பில் இல்லை,இலங்கை,ஜப்பான்,வங்காளதேசம்,ஆப்கானிஸ்தான்,ஜப்பான்,1,economics,0
67,பன்னாட்டு மேம்பாட்டு அமைப்பின் துணை அமைப்பு எது,பன்னாட்டு பணநிதியம்,உலகவங்கி,சார்க்,ஆசியான்,உலகவங்கி,1,economics,0
68,ஆசியான் கூட்டங்கள் -----ஆண்டுகளுக்கு ஒரு முறையை நடைப்பெறும்,2,3,4,5,3,1,economics,0
69,கீழ்கண்டவற்றுள் எது சார்க் உறுப்பினர் நாடு அல்ல,பாகிஸ்தான் ,இலங்கை,பூடான்,சீனா,சீனா,3,economics,1
70,சார்க் மாநாடு ஆண்டுகளுக்கு ஒரு முறையை நடைப்பெறும்,2,3,4,5,2,0,economics,0
71,ஆசியா அமைப்பின் தலைமையகம்,ஜகார்த்தா ,புது டெல்லி,கொழும்பு,டோக்கியோ,ஜகார்த்தா ,0,economics,0
72,பிரிக் என்ற சுருக்கச் சொல் கோர்க்கப்பட்ட ஆண்டு,2001,2005,2008,2010,2001,0,economics,1
73,ஆசியன் அமைப்பு நிறுவப்பட்ட ஆண்டு ,1965,1967,1972,1997,1967,1,economics,1
74,புதிய மேம்பாடு வங்கி இந்த அமைப்புடன் தொடர்புடையது,டபிள்யூ.டி.ஓ,பிரிக்ஸ்,சார்க்,ஆசியான்,பிரிக்ஸ்,1,economics,0
75,ஆசியன் விவாத்ததில் பங்கெடுக்கும் ஆறு நாடுகளில் சேராத நாடு,சீனா,ஜப்பான்,இந்தியா,வடகொரியா,வடகொரியா,3,economics,1
76,நவீன அரசு எனப்படுவது,தலையிடா அரசு,மேல்மட்டத்தில் உள்ளவர்களில் அரசு,நலம் பேணும் அரசு,காவல் அரசு,நலம் பேணும் அரசு,2,economics,0
77,ஜி.எஸ்.டி இதற்கு சம்ம் ?,விற்பனை வரி,தொழிற்குழும வரி ,வருமான வரி,உள்ளாட்சி வரி,விற்பனை வரி,0,economics,0
78,கீழ்வருவன்ற்றுள் எது நேர்முக வரி,வருமான வரி,கலால் வரி,சுங்க வரி,சேவை வரி,வருமான வரி,0,economics,0
79,உயிர்சார் என்ற வார்த்தையின் பொருள் என்ன?,உயிர் வாழ்வன,உயிரற்றவை,பருப்பொருள்,மேற்சொன்ன எதுவுமில்லை,உயிர் வாழ்வன,0,economics,0
0,மருத்துவ குணம் மிக்க தாவரங்களை நாம் எவ்வாறு அழைக்கிறோம்,பருப்புகள்,நறுமணச் செடிகள்,மூலிகைகள்,பட்டைகள்,மூலிகைகள்,2,biology,1
1,எந்த தாவரத்தின் விதை உணவாக பயன்படுகிறது,துவரை ,பிரண்டை,வாழை,மஞ்சள்,துவரை ,0,biology,0
2,உணவு தொடர்பான தொழிலை தேர்ந்தெடுக்க,கயிறு திரித்தல்,பருத்தி வளர்த்தல்,பூந்தோட்ட தொழில்,ஊறுகாய் தயாரித்தல்,ஊறுகாய் தயாரித்தல்,3,biology,1
3,இரத்தம் தூய்மையடை நாம் உண்ண வேண்டியது,நெல்லி,கீழாநெல்லி,சுரக்காய்,வேம்பு,சுரக்காய்,2,biology,1
4,காகிதம் தயாரிக்க பயன்படும் மரம்,தேக்கு,தென்னை,யூகலிப்டஸ்,சந்தனம்,யூகலிப்டஸ்,2,biology,0
5,மிகப் பெரிய பூவை பூக்கும் தாவரம்,தாமரை,சூரியகாந்தி,வாழை,ராஃப்ல்சியா,ராஃப்ல்சியா,3,biology,0
6,எந்த மரத்தின் தண்டு மிகவும் அகலமானதாக இருக்கும்?,ஆலமரம்,அரசமரம்,போபாப் மரம்,செக்கோயா,போபாப் மரம்,2,biology,0
7,தீப்பற்றாத மரங்கள் எவை?,செம்மரம்,கருங்காலி,போபாப் மரம்,இவை அனைத்தும்,செம்மரம்,0,biology,0
8,மிகவும் அகலமான தண்டுகளை உடைய போபாப் மரம் எந்த நாட்டில் உள்ளது.,ஜிம்பாப்வே,பிரேசில்,பெரு,உகாண்டா,ஜிம்பாப்வே,0,biology,1
9,எந்த பழமரம் நீண்ட காலம் விளைச்சலைத் தரக்கூடியது?,செக்கோயா,ஆரஞ்சு,ஆப்பள்,மாமரம்,ஆரஞ்சு,1,biology,0
10,கிரிக்கெட் மட்டை தயாரிக்கப் பயன்படும் மரம்,யூகலிப்டஸ்,மல்பெரி,வில்லோ,தேக்கு,வில்லோ,2,biology,0
11,டேன்னிஸ் மற்றும் ஹாக்கி மட்டைகள் தயாரிக்கப் பயன்படும் மரம்,வில்லோ,இலவம்,மல்பெரி,இவை அனைத்தும்,மல்பெரி,2,biology,0
12,இலவம் மரத்தின் பயன்,தீப்பெட்டி தயாரித்தல்,தீக்குச்சி தயாரித்தல்,பஞ்சு மெத்தை தலையணை தயாரித்தல்,இவை அனைத்தும்,இவை அனைத்தும்,3,biology,1
13,அதிகளவு நீர் உள்ள உணவை தேர்ந்தெடுக்க,பால்,வெள்ளரிக்காய்,தக்காளி,காளான்,வெள்ளரிக்காய்,1,biology,0
14,வைட்டமின் பி2 உள்ள உணவு பொருள்,மாம்பழம்,வெல்லம்,பட்டாணி,சர்க்கரை,பட்டாணி,2,biology,0
15,புரத குறைப்பாட்டால் வரும் நோய்,மராஸ்மஸ்,மாலைக்கண்,ஸ்கர்வி,பெரிபெரி,மராஸ்மஸ்,0,biology,0
16,கீழ்க்கண்டவைகளின் அனைத்துண்ணியை தேர்ந்தெடுக்க,சிங்கம்,ஆடு,யானை,காகம்,காகம்,3,biology,0
17,முன் கழுத்துகழலை நோய் எதன் குறைப்பாட்டால் ஏற்படுகிறது,அயோடின்,கார்போஹைட்ரேட்,புரதம்,நியாசின்,அயோடின்,0,biology,0
18,குவாஷியோக்கர் நோய் எதன் குறைப்பாட்டால் ஏற்படுகிறது,கொழுப்பு,அயர்ன்,புரதம்,நியாசின்,கொழுப்பு,0,biology,0
19,பின்வருவனவற்றுள் எது ஒட்டுண்ணி தாவரம்,யூட்ரிகுலேரியா,கஸ்குட்டா ,நெப்பந்தஸ்,மாஸ்,கஸ்குட்டா ,1,biology,0
20,மாலைக்கண் நோய் எதனால் ஏற்படுகிறது,வைட்டமின் D,வைட்டமின் A,வைட்டமின் C,வைட்டமின் B,வைட்டமின் A,1,biology,0
21,பூச்சியை உண்ணும் தாவரத்திற்கு உதாரணம்,நெப்பந்தஸ்,யூட்ரிகுலேரியா,டுரோசியா,இவை அனைத்தும்,இவை அனைத்தும்,3,biology,1
22,செல்லின் ஆற்றல் மையம் எனப்படுவது,லைசோசம்,மைட்டோகாண்டரியா,ரிபோசம்,கோல்கை உறுப்புகள்,மைட்டோகாண்டரியா,1,biology,0
23,தாவர செல்லில் மட்டும் காணப்படுவது,செல்சுவர்,சென்ட்ரோசோம்,சைட்டோபிளாசம்,உட்கரு,செல்சுவர்,0,biology,0
24,விலங்கு செல்லில் மட்டும் காணப்படுவது,செல்சுவர்,சைட்டோபிளாசம்,சென்ட்ரோசோம்,கோல்கை உறுப்புகள்,சென்ட்ரோசோம்,2,biology,1
25,பின்வருவனற்றில் எது யூகேரியாட்டிக் செல் ,நீலம்பசும்பாசி,அமீபா,பாக்டிரியா,இவை அனைத்தும்,அமீபா,1,biology,0
26,பின்வருவனற்றில் எது புரோகேரியாட்டிக் செல் ,ஈஸ்ட்,பாக்டிரியா,பாரமீசியம்,அமீபா,பாக்டிரியா,1,biology,0
27,செல்லின் தற்கொலைபைகள் எனப்படுவது,ரிபோசம்,கோல்கை உறுப்புகள்,செல்சுவர்,லைசோசம்,லைசோசம்,3,biology,0
28,செல்லின் புரத தொழிற்சாலை எனப்படுவது,கோல்கை உறுப்புகள்,ரிபோசம்,செல்சுவர்,சென்ட்ரோசோம்,ரிபோசம்,1,biology,0
29,செல்லை கண்டுபிடுத்தவர் யார்?,ராபர்ட்பிரௌன்,வில்லியம்குருக்,ராபர்ட்ஹூக்,ஸவான்,ராபர்ட்ஹூக்,2,biology,0
30,ஒரு செல் தாவரம் எது?,யூக்ளினா,அமீபா,கிளாமிடோமோஸ்,இவை அனைத்தும்,கிளாமிடோமோஸ்,2,biology,1
31,முள்தோலி வகை விலங்கு எது?,ஜெல்லிமீன்,நட்சத்திர மீன்,ஆக்டோபஸ்,காட்பிஷ்,நட்சத்திர மீன்,1,biology,1
32,விண்வெளிக்கு முதன்முதலாக சென்ற விலங்கு,குரங்கு,மனிதன்,நாய்,எலி,நாய்,2,biology,0
33,யானையின் தந்தங்கள் எதன் மாறுபாடாகும்,வெட்டும் பற்கள்,கோரைப்பற்கள்,முன்கவாய் பற்கள்,முன்தாடை,வெட்டும் பற்கள்,0,biology,0
34,நிறக்குருடு உள நீர்வாழ் விலங்கு?,தவளை,மீன்,திமிங்கலம்,முதலை,முதலை,3,biology,0
35,தாவர உலகின் இருவாழ்வி்கள் எனப்படுவது,மாஸ்,பெரணி,நெப்ரோலெப்பிஸ்,அல்லி,மாஸ்,0,biology,0
36,வைரஸை பற்றிய அறிவியலின் பிரிவு,மைக்ரோ பயாலஜி,பாக்டீரியாலஜி,வைராலஜி,உயிரியியல்,வைராலஜி,2,biology,1
37, பாக்டீரியாவைப் பற்றிய அறிவியலின் பிரிவு,பாக்டீரியாலஜி,மைக்ரோ பயாலஜி,உயிரியியல்,வைராலஜி,பாக்டீரியாலஜி,0,biology,0
38,சிற்றினங்களின் தோற்றம் என்ற நூலை எழுதியவர்,ஜான்ரே,சார்லஸ் டார்வின்,லின்னேயஸ்,மெண்டல்,சார்லஸ் டார்வின்,1,biology,1
39,HMS-பீகிள் எனும் கப்பலில் உலகின் முக்கிய தீவுகளை சுற்றி வந்தவர்,கொலம்பஸ்,லின்னேயஸ்,டார்வின்,மெகல்லன்,டார்வின்,2,biology,0
40,பாக்டீரியாவைப் முதலில் கண்டறிந்தவர்,டிமிட்ரி ஐவனோஸ்கி,எ.வி.ஹாக்,ஸ்டன்லி,லின்னேயஸ்,எ.வி.ஹாக்,1,biology,1
41,உழவனின் நண்பன் என்றழைக்கப்படுவது,மண்புழு,வெட்டுக்கிளி,காளான்,எருதுகள்,மண்புழு,0,biology,0
42,உழவனின்  எதிரி என்றழைக்கப்படுவது?,பூஞ்சை,வைரஸ்,வெட்டுக்கிளி,இவை அனைத்தும்,வெட்டுக்கிளி,2,biology,1
43,ஒருசெல் பூஞ்சைக்கு உதாரணம்,கிளாமிடோமோஸ்,யூக்ளினா,அமீபா,ஈஸ்ட்,ஈஸ்ட்,3,biology,1
44,கொசுஒழிப்பு தினம்,மார்ச் 12,பிப்ரவரி 1,செப்டம்பர் 20,அக்டோபர் 20,அக்டோபர் 20,3,biology,0
45,விண்வெளிக்கு முதன்முதலாக அனுப்பப்பட்ட நாயின் பெயர்,லைகா,லாகா,சோரஷ்,மாஸ்கா,லைகா,0,biology,0
46,தரையில் முதுகு படும்படி தூங்கக் கூடிய ஓரே விலங்கு,மனிதன்,குரங்கு,பாம்பு,கங்காரு எலி,மனிதன்,0,biology,0
47,அதிக நாள் குடிநீர் இல்லாமல் வாழ கூடிய விலங்கு,கங்காரு எலி,ஒட்டகம்,ஓநாய்,குரங்கு,ஒட்டகம்,1,biology,0
48,சிதைவுறா கழிவுக்கு முக்கிய எடுத்துக்காட்டு,காகிதம்,துணி,பாலிதின் பை,முட்டை பை,பாலிதின் பை,2,biology,0
49,இழைகளின் இராணி என்றழைக்கப்படுவது,பருத்தி,சணல்,பட்டு,ரேயான்,பட்டு,2,biology,0
50,செரிகல்சர் எனப்படுவது,தேனீ வளர்ப்பு,பட்டுபூச்சி வளர்ப்பு,மல்பேரி வளர்ப்பு,மீன் வளர்ப்பு,பட்டுபூச்சி வளர்ப்பு,1,biology,1
51,கம்பளி எந்த விலங்கு ரோம்மத்தியிலிருந்து பெறப்படுகிறது,லாமா,பஸ்மினா,அங்கோரா,இவை அனைத்தும்,இவை அனைத்தும்,3,biology,1
52,பஸ்மினா வெள்ளாடுகள் எதற்காக வளர்க்கப்படுகிறது,பால் ,ரோமம்,கறி,கறி மற்றும் பால்,ரோமம்,1,biology,0
53,தமிழ்நாட்டில் பட்டு உற்பத்தி செய்யப்படும் இடங்கள்,சிறுதாடு,ஆரணி,திருப்பவனம்,இவை அனைத்தும்,இவை அனைத்தும்,3,biology,1
54,ஒரு தேன் கூட்டில் எத்தனை இராணி தேனீகள் இருக்கும்,1,5,12,16,1,0,biology,1
55,வெள்ளிபுரட்சி என்பது,வெள்ளி உற்பத்தி,மீன் வளர்ப்பு,முட்டை உற்பத்தி,பட்டு நூல் உற்பத்தி,முட்டை உற்பத்தி,2,biology,0
56,கோழி அடைக்காத்தல் காலம்,2 வாரம்,2 மாதம்,21 நாள்,27 நாள்,21 நாள்,2,biology,1
57,விலங்குகளின்  பாதுகாப்பிற்காக ஏற்படுத்தப்பட்ட அமைப்பு,ரேட் கிராஸ்,புளூ கிராஸ்,எல்லோ கிராஸ்,கீரின் கிராஸ்,புளூ கிராஸ்,1,biology,0
58,அசைபோடும் விலங்குகளின் இரைப்பையில் எத்தனை பகுதிகள் உள்ளன,2,3,4,1,4,2,biology,0
59,எந்த உயிருக்கு பற்கள் தொடர்ந்து வளர்ந்து கொண்டே இருக்கும்,சுறா,மனிதன்,எலி,முதலை,எலி,2,biology,0
60,பற்களே இல்லாதா மிகப் பெரிய பாலூட்டி,யானை,நீல திமிங்கலம்,முதலை,சுறா,நீல திமிங்கலம்,1,biology,1
61,மனிதன்  பால் பற்களின் எண்ணிக்கை,20,32,12,22,20,0,biology,0
62,மனிதன் வாழ் நாளின் மொத்த பற்கள் எத்தனை,20,32,52,38,32,1,biology,0
63,பொருங்குடல் நீளம்,7மீ,1.5மீ,2மீ,8மீ,1.5மீ,1,biology,0
64,பற்களின் மேல் காணப்படும் கடினமான பகுதி,டென்டைன்,ஓட்டோலித்,தீக்கோடன்ட்,எனாமல்,எனாமல்,3,biology,0
65,சாறுண்ணிக்கு எடுத்துக்காட்டு,காளான்,கஸ்குட்டா,சடதாரி,நெப்பந்தல்,காளான்,0,biology,0
66,மனிதன் வாய்க்குழியில் எத்தனை ஜோடி உமிழ்நீர் சுரப்பிகள் உள்ளன,6,3,2,1,3,1,biology,1
67,மனிதன் சிறுகுடலில் நீளம் எத்தனை மீட்டர்,8,1.5,7,12,7,2,biology,0
68,மனித உடலில் மொத்த எடையில் தோலின் எடை எவ்வளவு,1,3,5,7,7,3,biology,0
69,நமது உடலில் எலும்பு மண்டலத்தில் உள்ள எலூம்புகளின் எண்ணிக்கை,600,200,205,206,206,3,biology,0
70,கராப்பான் பூச்சியின் ரத்தம் என்ன நிறமுடையது,சிவப்பு,நீலம்,நிறமற்றது,இலஞ்சிவப்பு,நிறமற்றது,2,biology,1
71,ஹோமியோபதி தந்தை எனப்படுபவர்,சித்தர்,பதஞ்சலி,சாமுவேல்ஹெமன்,கேலன்,சாமுவேல்ஹெமன்,2,biology,1
72,கணையத்தில் சுக்கப்படும் ஹார்மோன்,கணைய அமிலேஸ்,இன்சுலின்,தைராசின்,அட்ரினலின்,இன்சுலின்,1,biology,0
73,ரத்தில் உள்ள சர்க்கரை அதிகமானால் ஏற்படும் நோய்,இரத்த அழுத்த நோய்,இரத்த கொதிப்பு,நீரிழிவு நோய்,இரத்த சர்க்கரை,நீரிழிவு நோய்,2,biology,0
74,இரத்த்தில் உள்ள சர்க்கரையை குறைக்க பயன்படும் ஹார்மோன்,குளுக்கான்,சோமடோஸ்டாடின்,இன்சுலின்,இவை அனைத்தும்,இன்சுலின்,2,biology,0
75,கிரைசோகிராப் கருவியை வடிவமைத்தவர்,பேட்சன்,விட்டேக்கர்,ஜ.சி.போஸ்,இவைகளில் எதுமில்லை,ஜ.சி.போஸ்,2,biology,0
76,சுவாச வேர்கள் காணப்படும் தாவரம்,வாண்டா,கஸ்கியூட்டா,ஒரபாங்கி,அவிசினியா,அவிசினியா,3,biology,1
77,மருந்துகளின் இராணி எனப்படுவது,பென்சிலின்,பென்சிலியம்,ஸ்ட்ரெப்டோமைசின்,கிரைசோப்புல்வின்,பென்சிலின்,0,biology,0
78,கலப்பு ஊட்டமுறையை பெற்றுள்ள உயிரி,அமீபா,பாரமீசியம்,யூக்ளினா,பூஞ்சை,யூக்ளினா,2,biology,1
79,ஒரு செல் பூஞ்சைக்கு எடுத்துக்காட்டு,அகாரிகஸ்,ஆஸ்பர் ஜில்லா,ஈஸ்ட்,பென்சிலியம்,ஈஸ்ட்,2,biology,1
0,முதன்முதலாக மனிதன் பயன்படுத்திய உலோகம்,இரும்பு,வெண்கலம்,செம்பு,தகரம்,செம்பு,2,history,0
1,ஹரப்பா நாகரிகம் எந்த காலத்தை சார்ந்தது,செம்பு கற்காலம்,புதிய கற்காலம்,இரும்பு காலம்,பழைய கற்காலம்,செம்பு கற்காலம்,0,history,0
2,சிந்துவெளி நாகரிகம் பற்றி அறிய உதவுவது,கல்வெட்டுகள்,செப்பு பட்டயம்,நூல்கள்,அகழ்வராய்ச்சி சான்றுகள்,அகழ்வராய்ச்சி சான்றுகள்,3,history,1
3,மொகஞ்சதாரோ என்பதன் பொருள்,பூங்கா நகரம்,துறைமுக நகரம்,பழங்கால நகரம்,இடுகாட்டு மேடு,இடுகாட்டு மேடு,3,history,1
4,லோத்தல் என்னும் துறைமுகம் காணப்படும் இடம் ,குஜராத்,மகாராஷ்டிரம்,தமிழ்நாடு,ஆந்திரா,குஜராத்,0,history,0
5,ஹரப்பா நாகரிகம் எவ்வகையான நாகரிகம்,கிராம நாகரிகம்,நகர நாகரிகம்,மாநகர நாகரிகம்,பழங்கால நாகரிகம்,நகர நாகரிகம்,1,history,1
6,சிந்துவெளி மக்களுக்கு தெரிந்திராத உலோகம்,வெண்கலம்,இரும்பு,செம்பு,தகரம்,இரும்பு,1,history,1
7,ஹரப்பா என்ற சிந்திமொழி சொல்லின்  பொருள்,ஆற்றங்கரை நகரம்,நதி நகரம்,பழங்கால நகரம்,புதையுண்ட நகரம்,புதையுண்ட நகரம்,3,history,1
8,சிந்துவெளி மக்களுக்கு தெரிந்திராத விலங்கு,குதிரை,நாய்,எருது,மான்,குதிரை,0,history,0
9,சிந்துவெளி மக்களின் எழுத்து வடிவம் எந்த மொழியுடன் தொடர்புடையது,ஹந்தி,தமிழ்,சீனம்,மண்டாரியன்,தமிழ்,1,history,1
10,இடைச்சங்கம் நடைபெற்ற இடம்,மதுரை,தென்மதுரை,கூடல் நகர்,கபாடபுரம்,கபாடபுரம்,3,history,0
11,கூடல்நகர் என்றழைக்கப்படும் நகரம்,மதுரை,கூடலூர்,கபாடபுரம்,தென்மதுரை,மதுரை,0,history,0
12,முச்சங்கங்கள் அமைத்து தமிழை வளர்த்தவர்கள்,சேரர்கள்,பாண்டியர்கள்,சோழர்கள்,இவர்கள் அனைவரும்,பாண்டியர்கள்,1,history,0
13,காவிரியில் கல்லணையை கட்டிய சங்ககால மன்னன்,இராஜராஜ சோழன்,இராஜேந்திர சோழன்,கரிகால சோழன்,எவருமில்லை,கரிகால சோழன்,2,history,0
14,ரிக் வேத காலம் எனப்படுவது,கி.மு.1600-1000,கி.மு.1000-600,கி.மு.1500-600,கி.மு.1500-1000,கி.மு.1500-1000,3,history,1
15,பின் வேத காலத்தில் சிறந்து விளங்கிய பெண்மணி,கார்கி,அபலா,கோசா,லோபமுத்ரா,கார்கி,0,history,0
16,ஆரியர்கள் அறியாத விலங்கு,புலி,குதிரை,நாய்,மாடு,புலி,0,history,0
17,தனுர்வேதம் எனப்படுவது,மருத்துவம்,கட்டடக்கலை,பாடல்கள்,சண்டைப்பயிற்சி,சண்டைப்பயிற்சி,3,history,1
18,பு த்தர்அறிவுணர்வு பெற்ற இடம்,குந்தக் கிராம்ம,மான்பூங்கா,கயா,குஷிநகர்,கயா,2,history,0
19,மாகவீரர் எத்தனையாவது தீர்த்தங்கரர்,23,22,24,1,24,2,history,0
20,புத்தர் பிறந்த இடம்,கயா,சாரநாத்,குஷிநகர்,கபிலவஸ்து அருகில் லும்பினி,கபிலவஸ்து அருகில் லும்பினி,3,history,1
21,ஆதிநாதர் எனப்படுவர்,மாகவீரர்,புத்தர்,பார்சவநாதர்,ரிஷப தேவர்,ரிஷப தேவர்,3,history,0
22,சமணர்களின் புனித நூல்,வினய பிகதம்,பூர்வங்கள்,சுத்தபிடகம்,அபிதம்ம்பிடகம்,பூர்வங்கள்,1,history,0
23,மூன்றாவது புத்த சமய மாநாடு நடைபெற்ற இடம்,பாடலிபுத்திரம்,காஷ்மீர்,ராஜகிருகம்,வைசாலி,பாடலிபுத்திரம்,0,history,0
24,அலெக்சாண்டர் எந்த நாட்டைச் சார்ந்தவர்,துருக்கி,மாசிடோனியா,பாரசீகம்,மங்கோலியா,மாசிடோனியா,1,history,1
25,மெகஸ்தனிஸ் எழுதிய நூல்,அர்த்த சாஸ்திரம்,முத்ராராட்சம்,இண்டிகா,சாகுந்தலம்,இண்டிகா,2,history,1
26,இரண்டாம் அசோகர் எனப்படுபவர்,அசோகரது பேரன்,ஹர்ஷர்,சந்திரகிப்தர்,கனிஷ்கர்,கனிஷ்கர்,3,history,1
27,ஹர்ஷ சரிதம் நூலை எழுதியவர்,ஷர்ஷர்,குமாரகுப்தர்,பாணர்,பாகியான்,பாணர்,2,history,0
28,அலகாபாத் கல்வெட்டைப் பொறித்தவர்,சந்திரகுப்தர்,அசோகர்,சமுத்திரகுப்தர்,அரிசேனர்,அரிசேனர்,3,history,0
29,டெல்லி மெகரௌலி இரும்புத்துண்யார் காலத்தை சார்ந்து,குப்தர்களது காலம்,மௌரியர் காலம்,கனிஷ்கர் காலம்,முகலாயர்கள் காலம்,குப்தர்களது காலம்,0,history,0
30,சௌகான் மன்னர்களின் மிக முக்கியமான மன்னர்,ஜெயபாலர்,ஜெயச்சந்திரன்,மகிபாலர்,பிரதிவிராஜ்,பிரதிவிராஜ்,3,history,0
31,கல்ஹனார் எழுதிய நூல்,இராஜதரங்கினி,கீதகோவிந்தம்,பால இராமாயணம்,கற்பூர மஞ்சரி,இராஜதரங்கினி,0,history,0
32,கீதகோவிந்தம் என்னும் நூலை எழுதியவர்,கல்ஹனார்,ஜெயதேவர்,சோமதேவர்,இராசசேகரன்,ஜெயதேவர்,1,history,1
33,சந்தவார் போர் எப்போது நடைபெற்று ?,கி.பி.1190,கி .பி.1192,கி.பி.1025,கி.பி.1194,கி.பி.1194,3,history,0
34,பிற்கால மேலை சாளுக்கியர்களின் தலைநகரம்,வெங்கி,வாதாபி,மால்கெட்,கல்யாணி,கல்யாணி,3,history,0
35,தக்கோலம் போரில் சோழ மன்னரை தோற்கடித்தவர்,இரண்டாம் புலிகேசி,சிங்காணா,மூன்றாம் கிருஷ்னர்,அமோக வர்ஷன்,மூன்றாம் கிருஷ்னர்,2,history,0
36,முதலாம் நரசிம்மவர்மனின் பட்டபெயர்,சித்திரகாரப் புலி,விசித்திர சித்தன்,வாதாபி கொண்டான்,சோனாடு கொண்டான்,வாதாபி கொண்டான்,2,history,1
37,ஆண்டாள் இயற்றிய நூல்,திருவாய் மொழி,திருவெம்பாவை,திருப்பாட்டு,திருப்பாவை,திருப்பாவை,3,history,1
38,பாண்டிய பேரரசானது எவ்வாறு  அழைக்கப்பட்டது,மாகாணம்,மண்டலம்,ஊர் அவை,வளநாடு,மண்டலம்,1,history,0
39,பல்லவர்களின் தலைநகரம்,மகாபலிபுரம்,ஆற்காடு,காஞ்சிபுரம்,உறையூர்,காஞ்சிபுரம்,2,history,0
40,மாமல்லன் எனப்படுபவர்,மகேந்திரவர்மன்,நரசிம்மவர்மன்,நந்திவர்மன்,ராஜசிம்மன்,நரசிம்மவர்மன்,1,history,1
41,குடைவரைக்கோயிலை அறிமுகப்படுத்தியவர்,நந்திவர்மன்,மகேந்திரவர்மன்,ராஜசிம்மன்,நரசிம்மவர்மன்,மகேந்திரவர்மன்,1,history,0
42,காஞ்சிபுரம் கைலாசநாதர் கோயிலைக் கட்டியவர்,மகேந்திரவர்மன்,ராஜசிம்மன்,நந்திவர்மன்,நரசிம்மவர்மன்,ராஜசிம்மன்,1,history,0
43,முதலாம் மகேந்திரவர்மனின் பட்டபெயர்,சங்கீரணஜாதி,விசித்திர சித்தன்,சித்திரகாரப் புலி,இவை அணைத்தும்,இவை அணைத்தும்,3,history,0
44,முந்நீர் பழந்தீவுகள் எனப்ட்ட தீவு,இலங்கை ,மாலத்தீவு,இந்தோனேசியா தீவு,ஜாவா தீவு,மாலத்தீவு,1,history,1
45,"ஜாவா , சுமத்தரா தீவுகளை வென்றவர்",இராஜராஜ சோழன்,இராஜேந்திர சேழன்,குலோத்துங்க சோழன்,கரிகால சோழன்,இராஜேந்திர சேழன்,1,history,0
46,சுங்கம் தவித்த சோழன் எனப் புகழப்பட்ட சோழன்,இராஜராஜன்,இராஜேந்திரன்,குலோத்துங்கன்,கரிகாலன்,குலோத்துங்கன்,2,history,1
47,பரத நாட்டியம் யார் காலத்தில் தோன்றியது?,பாண்டியர்கள்,சோழர்கள்,பல்லவர்கள்,களப்பிரர்கள்,சோழர்கள்,1,history,1
48,சேக்கிழார் இயற்றிய நூல்,மதுரை விஜயம்,திருப்பாவை,நைடதம்,பெரியபுராணம்,பெரியபுராணம்,3,history,1
49,முதலாம் தரெய்ன் போர் எப்போது நடை பெற்றது,1025,1051,1191,1190,1191,2,history,0
50,டெல்லியை ஆண்ட முதல் பெண் சுல்தான்,இரசியா,பேகம் ஹஸ்ரத் மகால்,நூர்ஜஹான்,இல்துமிஷ்,இல்துமிஷ்,3,history,0
51,நாற்பதின்மர் குழுவை உருவாக்கிய சுல்தான்,அலாவுதீன் கில்ஜி,பால்பன்,ரசியா,நசுரூதின்,பால்பன்,1,history,0
52,இல்துமிஷ் எந்த மரபை சார்ந்தவர்,அடிமை,துக்ளக்,லோடி,இல்பாரி,இல்பாரி,3,history,1
53,ஆக்ரா நகரை நிறுவிய பேரரசர்,அக்பர்,ஷாஜகான்,ஷெர்ஷா,சிக்கந்தர் ஷா,சிக்கந்தர் ஷா,3,history,0
54,டெல்லி சுல்தான்களின் கடைசி சுல்தான்,சிக்கந்தர் லோடி,இப்ராஹிம் லோடி,பால்பன்,நசுரூதின்,இப்ராஹிம் லோடி,1,history,0
55,இந்தியக்கிளி என்றழைக்கப்பட்ட கவிஞர்,அமீர்குஸ்ரு,அமீர்ஹாசன்,அல்பரூனி,அபுல்பாசல்,அமீர்குஸ்ரு,0,history,0
56,விஜயநகர பேரரசு எந்த ந்திக்கரையில் தோற்றவிக்கப்பட்டது?,கிருஷ்ணா,கோதாவரி,காவேரி,துங்கபத்ரா,துங்கபத்ரா,3,history,1
57,விஜயபேரரசை தோற்றுவித்தவர்,"ஹரிகர்ர், புக்கர்",கிருஷ்ண தேவராயர்,வித்யாரண்யர்,சாயனா,"ஹரிகர்ர், புக்கர்",0,history,0
58,அஷ்டதிக்கஜங்கள் யாருடைய அரசவையில் இருந்தனர்,கிருஷ்ண தேவராயர்,அக்பர்,சந்திரகுப்தர்,ஹர்ஷர்,கிருஷ்ண தேவராயர்,0,history,0
59,தலைக்கோட்டை போர் நடைபெற்ற ஆண்டு,1526,1556,1565,1557,1565,2,history,0
60,விஜயநகர  பேரரசின் புகழ்மிக்க அரசர்,கிருஷ்ண தேவராயர்,"ஹரிகர்ர், புக்கர்",ராமராயர்,ஹரிகர்ர்,கிருஷ்ண தேவராயர்,0,history,0
61,சங்கராச்சரியர் பரப்பிய கொள்கை,அத்வைதம்,விஷிஷ்டாத்வைதம்,துவைதம்,மத்துவம்,அத்வைதம்,0,history,0
62,குருநானக் நிறுவிய மதம்,வீரசைவம்,சீக்கிய மதம்,சைவம்,வைணவம்,சீக்கிய மதம்,1,history,0
63,பக்தி இயக்கம் எப்போது தோன்றியது?,இடைக்காலம்,பண்டையகாலம்,வேத காலம்,இவைகளனைத்தும்,இடைக்காலம்,0,history,0
64,துளசிதாசர் எழுதிய நூல்,தோகா,தசபோதம்,இராமசரிதமனாஸ்,பால இராமாயணம்,இராமசரிதமனாஸ்,2,history,0
65,மலை எலி என்றழைக்கப்பட்டவர்,சிவாஜி,ராஜா ஜெய்சிங்,அப்சல்கான்,செயிஷ்டகான்,சிவாஜி,0,history,0
66,மூன்றாம் பானிப்பட் போர் எப்போது நடைபெற்றது?,1526,1556,1761,1766,1761,2,history,0
67,அம்பாய்னா படுகொலை நிகழ்ந்த ஆண்டு,1610,1605,1623,1647,1623,2,history,0
68,வில்லியம் கோட்டை எங்குள்ளது?,கடலூர்,பம்பாய்,தரங்கம்பாடி,கல்கத்தா,கல்கத்தா,3,history,0
69,முதல் கர்நாடகப் போர் நடைபெற்ற ஆண்டு,1746-1748,1748-1756,1756-1764,1767-1769,1746-1748,0,history,0
70,ஆற்காட்டின் வீரர் எனப்படுபவர்,இராபர்ட் கிளைவ்,டியூப்ளே,சர் அயர்கூட்,சந்தாசாகிப்,இராபர்ட் கிளைவ்,0,history,0
71,பிளாசிப்போருடன் தொடர்புடையவர்,சுஜா உத் தௌலா,மீர்காசிம்,ஷா ஆலம்,சிராஜ் உத் தௌலா,சிராஜ் உத் தௌலா,3,history,1
72,மைசூரின் புலி எனப் புகழப்படுபவர்,ஹைதர் அலி,திப்புசுல்தான்,கிருஷ்ணா,சிவாஜி,திப்புசுல்தான்,1,history,0
73,நிலையான காவலர் துறையை உருவாக்கியவர்,வெல்லெஸ்லி,டல்ஹௌசி,காரன்வாலிஸ்,வில்லியம் பெண்டிங்,காரன்வாலிஸ்,2,history,0
74,பட்டய சட்டம் இயற்றப்பபட்ட ஆண்டு,1815,1803,1810,1813,1813,3,history,0
75,வாரிசு இழப்புக் கொள்கையை அறிமுகப்படுத்தியவர் ,வில்லியம் பெண்டிங்,காரன்வாலிஸ்,டல்ஹௌசி,காரன்வாலிஸ்,டல்ஹௌசி,2,history,0
76,இந்திய இருப்புப் பாதையின் தந்தை எனப்படுபவர்,டல்ஹௌசி,கானிங்,ஜான்ஷோர்,கர்சன் பிரபு,டல்ஹௌசி,0,history,0
77,சார்லஸ் உட்ஸ் கல்விக்குழு எப்போது அமைக்கப்பட்டது,1856,1854,1853,1835,1854,1,history,0
78,இந்தியாவின் அஞ்சல் வில்லையை அறிமுகப்படுத்தியவர்,டல்ஹௌசி,ஹைதர் அலி,கானிங்,ரிப்பன்,டல்ஹௌசி,0,history,0
79,பெரும்புரட்சி முதன் முதலில் எங்கிருந்து துவங்கியது ?,மீரட்,டெல்லி,கான்பூர்,லக்னோ,மீரட்,0,history,0
0,சூரியக்குடும்பத்தில் உள்ள மொத்தக் கோள்களின் எண்ணிக்கை,8,9,12,10,8,0,geography,0
1,தொலை நோக்கயில் மட்டுமே புலப்படும் கோள்,புதன்,யுரேனஸ்,வியாழன்,வெள்ளி,யுரேனஸ்,1,geography,1
2,எல்லாக் கோள்களும் சூரியனை எந்த பாதையில் சுற்றி வருகின்றன,வட்டபாதை,நீள்வட்டப்பாதை,சதுரப்பாதை,இவையனைத்தும்,நீள்வட்டப்பாதை,1,geography,0
3,பின்வருவனவற்றுள் எந்த கோள் கிழக்கிலிருந்து மேற்காக சுற்றுகிறது,வியாழன்,யுரேனஸ்,வெள்ளி,பூமி,வெள்ளி,2,geography,0
4,பால்வெளி அண்டத்தை மற்றொரு பெயர்,பெண் கங்கா,தக்ஷின் கங்கா,ஆகாய கங்கா,கங்கை,ஆகாய கங்கா,2,geography,0
5,லீப் வருடத்தில் எந்த மாதத்தில் ஒரு நாள் அதிகரிக்கிறது,ஏப்ரல்,பிப்ரவரி,செப்டம்பர்,டிசம்ர்,பிப்ரவரி,1,geography,1
6,எந்த மாத்த்தில் இரவு பகல் சமமாக இருக்கிறது,பிப்ரவரி 21,மார்ச் 21,ஏப்ரல் 21,செப்டம்பர் 21,மார்ச் 21,1,geography,0
7,லீப் ஆண்டின் பிப்ரவரி மாதத்தில் உள்ள நாட்கள்,30,29,28,31,29,1,geography,0
8,தென் பெருங்கடல் என்றழைக்கப்படுவது,அண்டார்டிக் பெருங்கடல்,இந்தியப் பெருங்கடல் ,பசிபிக் கடல்,இவையனைத்தும்,அண்டார்டிக் பெருங்கடல்,0,geography,0
9,தக்‌ஷின் காங்கோதரி ஆய்வுக்கூடம் எங்குள்ளது?,டென்மார்க்,ஐஸ்லாந்து,அண்டார்டிக்,இமயமலை,அண்டார்டிக்,2,geography,1
10,நெருப்பு வளையம் எனப்படும் பகுதி உள்ள இடம்,தென் பெருங்கடல்,பசிபிக் பெருங் கடல்,இந்தோனேஷியா,தென் பெருங்கடல்,பசிபிக் பெருங் கடல்,1,geography,0
11,உலகிலேயே மிகவும் நீளமான நதி,அமோசன் நதி,நைல் நதி,மிசி சிப்பி ,யாங்ஸ் கியாங்,நைல் நதி,1,geography,1
12,உலகிலேயே மிகவும் அழமான கடல் பகுதி,பசிபிக் பெருங் கடல்,அண்டார்டிக் பெருங்கடல்,மரியான அகழி,யாப் அகழி,மரியான அகழி,2,geography,0
13,பூமியின் வடிவம் எத்தகையது?,உருண்டை,தட்டையானது,ஜியாய்ட் வடிவம்,இவையனைத்தும்,ஜியாய்ட் வடிவம்,2,geography,0
14,புவியின் நிலநடுக்கத்தின் பதிவு செய்யப் பயன்படும் கருவி,நிலநடுக்கமானி,புவிமானி,சீஸ்மோகிராப்,ரிக்டர்,சீஸ்மோகிராப்,2,geography,0
15,பின்வருவனவற்றில் எந்த கோளில் உயிரினங்கள் உள்ளன?,பூமி,செவ்வாய்,வெள்ளி,புதன்,பூமி,0,geography,0
16,பானஜியா எத்தனை பெரிய தட்டுக்களாக உடைப்பட்டுள்ளது,6,7,10,12,7,1,geography,0
17,பூமியில் எந்த பகுதி நிலையானதாக இல்லை?,கருவம்,நைஃப்,மேலாடு,கவசம்,மேலாடு,2,geography,0
18,நிலநடுக்கம் தோன்றும் மையம் எவ்வாறு கூறப்படுகிறது ?,வெளி மையம்,மையப்பகுதி,எரிமலை மண்டலம்,நிலநடுக்க மையம்,நிலநடுக்க மையம்,3,geography,1
19,இந்தியாவில் செயல்படும் எரிமலை எங்குள்ளது,நார்கண்டம் தீவு,பாரண்தீவு,இமயமலை ,எரிமலை இல்லை,பாரண்தீவு,1,geography,0
20,பூமியின் எந்த பகுதி பேரிஸ்பியர் என்றழைக்கப்படுகிறது,மேலோடு,கவசம்,நிலக்கோளம்,கருவம்,கருவம்,3,geography,0
21,ரிக்டர் அளவுகோல் மதிப்பீட்டு எல்லை,0-7,0-8,0-9,0-12,0-9,2,geography,0
22,மவுண்ட் கிளிமஞ்சரோ எந்த கண்டத்தில் உள்ளது,ஆசியா,ஆப்பிரிக்கா,ஆஸ்திரேலியா,வட அமெரிக்கா,ஆப்பிரிக்கா,1,geography,0
23,தமிழ்நாட்டிலுள்ள இறந்த எரிமலைக் குன்று எது,பச்சமலை,கல்வராயன் மலை,கொல்லி மலை,திருவண்ணாமலை குன்று,திருவண்ணாமலை குன்று,3,geography,1
24,ஆக்ஸிகரண செயல்முறையானது இவ்வாறு அறியப்படுகிறது,இரும்பு துருபிடித்தல்,வெப்ப அதிர்ச்சி,ஹைட்ரஜனேற்றம்,ஹோலோஹிலாஸ்டி,இரும்பு துருபிடித்தல்,0,geography,0
25,குருட்டாறுகள் உருவாக்கப்படுவது,மலைப்பாதை,பள்ளதாக்கு,டெல்டா ,சமவெளி,பள்ளதாக்கு,1,geography,0
26,பிஜ்கள் எதனுடன் தொடர்புடையது,ஆறுகள்,பனிஆறுகள்,காற்று,அலைகள்,அலைகள்,3,geography,0
27,பீடபாறைகள் இப்படியும் அழைக்கப்படுகின்றன,சூகன்,காளான் பாறை,யார்டாங்,பர்கான்,காளான் பாறை,1,geography,0
28,பர்கான் எந்த நிலத்துடன் தொடர்புடையது,படியவைத்தல்,அரித்தல்,கடத்தல் ,இயற்கை,படியவைத்தல்,0,geography,0
29,வெப்பபமண்டலத்தில் பயிரிடப்படும் முக்கிய பயிர்,நெல்,கோதுமை,பார்லி,தேயிலை,நெல்,0,geography,0
30,வளிமண்டல அழுத்ததை அளவிட பயன்படும் கருவி,வெப்பமானி,மழைமானி ,அழுத்தமானி,காற்றுமானி,அழுத்தமானி,2,geography,0
31,எரிமலை பரவலை அறிய உதவும் கருவி,எரிமலைமானி,சீஸ்மோகிராப்,புவிமானிடர்,சாய்வுமானி,சாய்வுமானி,3,geography,1
32,இந்தியாவின் சுனாமி எச்சரிக்கை எங்கு அமைந்துள்ளது,சென்னை,மும்பை,ஹைதராபாத்,மதுரை,ஹைதராபாத்,2,geography,0
33,சாய்வுமானி எதற்கு பயன்படுகிறது,நிலநடுக்கம்,எரிமலை பரவல்,கண்ட நகர்வு,இவையனைத்தும்,எரிமலை பரவல்,1,geography,0
34,சுனாமி எந்த மொழியிலிருந்து பெறப்பட்டது,ஆங்கிலம்,ஜப்பான்,ரஷியா,சீனா,ஜப்பான்,1,geography,0
35,கடல் நீரின் ஏற்ற இறக்கம் எவ்வாறு கூறப்படுகிறது,ஓதங்கள்,அலைகள்,நீரோட்டம்,இவையனைத்தும்,ஓதங்கள்,0,geography,0
36,அட்லாண்டிக் பேராளி எந்த வடிவில் உள்ளது,முக்கோணம்,வட்டம்,S,நீள்வட்டம்,S,2,geography,1
37,நீரின் அடியில் உள்ள மலைகளின் உயர பகுதி,க்யாட்,ஆழ்கடல்,கடல்மலை,கடலடி தொடர்,கடலடி தொடர்,3,geography,0
38,எந்த கடலிலில் உப்பு மிக அதிகமாக உள்ளது,அரபிக்கடல்,செங்கடல்,சாக்கடல்,வங்ககடல்,சாக்கடல்,2,geography,0
39,வறட்சி ஏற்பட முதன்மை காரணம்,மழைப்பொழிவு பற்றாகுறை,சுற்றுசூழல் சீர்கேடு,காடுகளை வளர்த்தல் தொழிற்சாலைகள்,தொழிற்சாலைகள்,மழைப்பொழிவு பற்றாகுறை,0,geography,0
40,காற்றாலை அதிகமாக காணப்படும் கண்டம்,ஆசியா,ஆப்பிரிக்கா,ஜரோப்பா,வட அமெரிக்கா,ஜரோப்பா,2,geography,0
41,நெய்வேலி இல்லாத ஒன்றை தேர்ந்தெடுக்க,நிலக்கரி,லிக்டைட்,மின்சாரம் ,உரம்,நிலக்கரி,0,geography,0
42,ஐந்தாம் நிலை தொழில்  அதிகமாக காணப்படும் இடம்,கிராம்,பள்ளிகள்,பெருநகரங்கள்,இவையனைத்தும்,பெருநகரங்கள்,2,geography,0
43,ஜாரவாஸ் எனப்படும் தொன்முதுமக்கள் காணப்படும் இடம்,வடகிழக்கு இந்தியா,கனடா,ஆப்பிக்கா,அந்தமான் நிகோபர்,அந்தமான் நிகோபர்,3,geography,1
44,கனடாவில் காணப்படும் எஸ்கிமோக்களின் தொழில் ,வேட்டையாடுதல்,மீன்பிடித்தல்,உணவு சேகரித்தல்,கால்நடை வளர்த்தல்,வேட்டையாடுதல்,0,geography,0
45,உலகில் மிகப்பெரிய உள்நாட்டு மீன்பிடி தளமாக உள்ள ஏரி,சுப்பீரியர் ஏரி,டோன்லேசாப் ஏரி,யாங்டீசி,இவையனைத்தும்,டோன்லேசாப் ஏரி,1,geography,1
46,தொழிற்புரட்சியை ஏற்படுத்தி முதல் எரி பொருள்,நிலக்கரி,டீசல்,பெட்ரோல்,இயற்கை வாயு,நிலக்கரி,0,geography,0
47,தனியார் நிறுவனத்திற்க்கு எடுத்துகாட்டு,ரிலையன்ஸ்,பெல்,மசகான்,கார்டன்ரீச்,ரிலையன்ஸ்,0,geography,0
48,சுவிட்சலாந்த் எந்த உற்பத்திக்கு புகழ் பெற்றது?,பட்டு,கணினி,தேயிலை,கைக்கடிகாரம்,கைக்கடிகாரம்,3,geography,1
49,பட்டு ஆடைக்கு புகழ் பெற்ற நாடு,சீனா,இந்தியா,பிரேசில்,லண்டன்,சீனா,0,geography,0
50,ஆட்டோபான்ஸ் சாலைகள் எந்த நாட்டில் உள்ளன,ஜெர்மனி,பிரான்ஸ்,கனடா,சீனா,ஜெர்மனி,0,geography,0
51,தந்தி தொடர்பு கண்டுபிடிக்கப்பட்ட ஆண்டு,1854,1845,1866,1844,1844,3,geography,0
52,மக்கள் தொகை அடர்த்தி அதிகமாக காணப்படும் நாடு,வங்காளதேசம்,சீனா,இந்தியா,ஜெர்மனி,வங்காளதேசம்,0,geography,0
53,வெப்பநிலை அளக்கப்பயன்படும் கருவி,டில்ட் மீட்டர்,அனிமோ மீட்டர்,தெர்மோ மீட்டர்,பாரோ மீட்டர்,தெர்மோ மீட்டர்,2,geography,1
54,நிலநடுக்க அலைகளில் எந்த அலை மிகவும் வேகமாக பயணிக்கிறது,L-அலை,P-அலை,S-அலை,உட்புற அலை,P-அலை,1,geography,0
55,எபிரோஜெனிக் எனப்படுவது,மலையாக்கா நகர்வு,கண்ட ஆக்க நகர்வு,மெதுவாக நகர்வு,திடீரென நகர்தல்,கண்ட ஆக்க நகர்வு,1,geography,0
56,ஓரோஜெனிக் எனப்படுவது,கண்ட ஆக்க நகர்வு,மலையாக்கா நகர்வு,திடீரென நகர்தல்,மெதுவாக நகர்வு,மலையாக்கா நகர்வு,1,geography,0
57,இளம் மடிப்பு மலைக்கு உதாரணம்,ராக்கி மலை,யூரல் மலை,இமயமலை,ஆரவல்லி மலை,இமயமலை,2,geography,0
58,உலகிலேயே மிகப் பெரிய செயல்படும் எரிமலை எது?,மோனாலோவா,பாரன்தீவு,பிஜியாமா,காட்டபாக்கி,மோனாலோவா,0,geography,0
59,குளிர் தலக்காற்று எது?,லூ,சின்னூக்,பான்,மிஸ்ட்ரல்,மிஸ்ட்ரல்,3,geography,1
60,சகாரா பாலைவனத்தில் வீசும் வெப்ப தலக்காற்று,மிஸ்ட்ரல்,சிராக்கோ,புர்கா,சின்னூக்,சிராக்கோ,1,geography,0
61,இந்தியா யூனியன் தென் எல்லைஎது?,கன்னியாகுமரி முனை,அந்தமான்,இந்திரா முனை,நிக்கோபர்,இந்திரா முனை,2,geography,0
62,தற்போது தமிழ் நாட்டிலுள்ள மாவட்டங்களின் எண்ணிக்கை,31,32,29,30,32,1,geography,0
63, தமிழ் நாட்டிலுள்ள மாவட்டங்களின் எண்ணிக்கை,10,6,12,8,10,0,geography,0
64, தமிழ் நாட்டிலுள்ள மக்களவை எண்ணிக்கை,18,234,39,19,39,2,geography,0
65,தமிழ்நாட்டில் மாநில மலராக அங்கீகரிக்கப்பட்டுள்ளமலர் ஏது,தாமரை,மல்லிகை,செங்காந்தள் மலர்,குறிஞ்சி மலர்,செங்காந்தள் மலர்,2,geography,0
66,தமிழ்நாட்டில் மாநில பறவையாக அங்கீகரிக்கப்பட்டுள்ள பறவை ஏது?,கிளி,மரகதப்புறா,மயில்,குருவி,மரகதப்புறா,1,geography,0
67,கிழக்கு தொடர்ச்சி மலையில் அமைந்துள்ள குன்று,நீலகிரி மலை,கல்ராயன் மலை,ஏலமலை,பழனி மலை,கல்ராயன் மலை,1,geography,0
68,தமிழ்நாட்டிலுள்ள மிகவும் உயரமான சிகரம்,தொட்டபெட்டா,ஆனைமுடி,ஏற்காடு,ஏலகிரி,தொட்டபெட்டா,0,geography,0
69,தென்னிந்தியாவின் மிகவும் உயர்ந்த சிகரம்,குடகுமலை,தொட்டபெட்டா,ஆனைமுடி,ஏலகிரி,ஆனைமுடி,2,geography,0
70,தமிழ்நாட்டின் மிக நீளமான ஆறு,கங்கை,தாமிரபரணி,காவிரி,தென்பெண்னை,காவிரி,2,geography,1
71,விழுப்புரம் மாவட்டத்தில் அமைந்துள்ள மலை,சீதாமலை,கல்ராயன் மலை,பச்சை மலை,பால மலை,கல்ராயன் மலை,1,geography,0
72,கொல்லிமலை எந்த மாவட்டத்தில் அமைந்துள்ளது,சேலம்,பெரம்பலூர்,நாமக்கல்,ஈரோடு,நாமக்கல்,2,geography,0
73,அயன மண்டல சூறாவளி உருவாக்கும் மாதம்,ஏப்ரல்,ஜனவரி,நவம்பர்,டிசம்பர்,நவம்பர்,2,geography,0
74,சதுப்புநிலகாடுகள் காணப்படுகின்ற இடம்,வேதாரண்யம்,புதுக்கோட்டை,கோவை,நீலகிரி,வேதாரண்யம்,0,geography,0
75,உலக வன விலங்கு தினம்,மார்ச் 21,அக்டோபர் 4,மே 24,மே 16,அக்டோபர் 4,1,geography,0
76,நெல் ஆராச்சிமையம் அமைந்துள்ள இடம்,ஆர்காடு,நெய்வேலி,ஆடுதுறை,சென்னை,ஆடுதுறை,2,geography,1
77,தமிழ் நாட்டில் உள்ள ஆறுகளின் எண்ணிக்கை,15,16,19,17,17,3,geography,1
78,உலக காடுகள் தினம்,மே 16,மார்ச் 21,அக்டோபர் 4,மே 24,மார்ச் 21,1,geography,0
79,சிப்காட் எப்பொழுது தொடங்கப்பட்டது,1972,1992,1982,1992,1972,0,geography,0
0,அசிடஸ் என்ற வார்த்தை எந்த மொழிச்சொல்,கிரேக்கம்,ஆங்கிலம்,பிரெஞ்சு,இலத்தின்,இலத்தின்,3,chemistry,1
1,இதுவரையில் கண்டறியப்பட்டுள்ள தனிமங்களின் எண்ணிக்கை,120,118,92,100,118,1,chemistry,1
2,புவியில் இயற்க்கையில் கிடைக்கக் கூடிய தனிமங்களின் எண்ணிக்கை,120,100,118,92,92,3,chemistry,0
3,புவியியல் மிக அதிகமாக உள்ள தனிமம்,ஆக்ஸிஜன்,சிலிக்கான்,அலுமினியம்,இரும்பு,ஆக்ஸிஜன்,0,chemistry,0
4,அமிலம் என்ன சுவையுடையுது,கசப்பு,புளிப்பு,இனிப்பு,உவர்ப்பு,புளிப்பு,1,chemistry,0
5,எறும்பில் உள்ள அமிலம்,மாலிக்அமிலம்,பார்மிக் அமிலம்,சிட்ரிக் அமிலம்,அமிலம் இல்லை,பார்மிக் அமிலம்,1,chemistry,0
6,வேதிப்பொருள்களின் அரசன்,H2SO4,HCL,HNO3,HFSO4,HFSO4,3,chemistry,0
7,வயிற்றில் அமிலத்தன்மையை குறைக்கப் பயன்படும் அமிலம்,பால்,நீர்,முட்டை,இவை அனைத்தும்,பால்,0,chemistry,0
8,"மண்ணில் அமில,காரத் தன்மையை கண்டறிய பயன்படும் தாவரம்",லிச்சன்ஸ்,ஹைட்ராங்கியா மேக்ரோபைலா,முட்டை கோஸ்,காலிப்ளவர்,ஹைட்ராங்கியா மேக்ரோபைலா,1,chemistry,1
9,ஹைட்ராங்கியா மேக்ரோபைலா மலர் நீல நிறம் எனில் மண்ணின் தன்மை,அமிலம்,காரம்,நடுநிலை,குறை காரம்,அமிலம்,0,chemistry,0
10,ஹைட்ராங்கியா மேக்ரோபைலா மலர் வெள்ளை நிறம் எனில் மண்ணின் தன்மை,அமிலம்,நடுநிலை,காரம்,குறை காரம்,நடுநிலை,1,chemistry,0
11,பொதுவாக நிறங்காட்டியாக பயன்படும் லிட்மஸ் எதிலிருந்து பெறப்பட்டது,லிச்சன்ஸ் தாவரம்,வேதிப்பொருள்,லிட்மஸ் கரைசல்,எதுவுமில்லை,லிச்சன்ஸ் தாவரம்,0,chemistry,0
12,அமிலம் லிட்மஸ் தாளுடன் வினைபுரிந்து எத்தகைய நிறமாற்றம் ஏற்படும்,நீலம் சிவப்பாக,சிவப்பு நீலமாக,நீலம் மஞ்சளாக,நிறமற்றவை,நீலம் சிவப்பாக,0,chemistry,0
13,காரத்தின் சுவை ,கசப்பு,புளிப்பு,உவர்ப்பு ,சுவையற்றவை,கசப்பு,0,chemistry,0
14,காரத்துடன் லிட்மஸ் தாளின் நிறமாற்றம்,நீலம் சிவப்பாக மாறும்,சிவப்பு நீலமாக மாறும்,சிவப்பு இளஞ்சிவப்பாக மாறும்,எதுவுமில்லை,சிவப்பு நீலமாக மாறும்,1,chemistry,1
15,டார்டாரிக் அமிலம் என்பது,திராட்சை ,எலுமிச்சை,தக்காளி,ஆப்பிள்,திராட்சை ,0,chemistry,0
16,திரவ பெட்ரோலிய வாயு எதன் கலவையாகும்,"பியூட்டேன்,பெண்டேன்","புரோப்பேன், பெண்டேன்",பியூட்டேன்,"பியூட்டேன், புரோப்பேன்","பியூட்டேன், புரோப்பேன்",3,chemistry,1
17,LPG வாயு கசிவைக் கண்டறிய சேர்க்கப்படும் பொருள்,எத்தில் மெர்காப்டன்,பியூட்டேன்,பியூட்டேன்,பெண்டேன்,எத்தில் மெர்காப்டன்,0,chemistry,0
18,இயற்கை வாயு எதன் கலவை,"மீத்தேன்,ஈத்தேன்",புரோப்பேன்,பியூட்டேன்,பியூட்டேன்,"மீத்தேன்,ஈத்தேன்",0,chemistry,0
19,கோபர் வாயு எனப்படுவது,இயற்கை வாயு,சாண வாயு,உற்பத்தி எரிவாயு,நிலகரி வாயு,சாண வாயு,1,chemistry,0
20,முற்றுப் பெறா எரிதல் மூலம் வெளியாகும் வாயு,கார்பன்-டை-ஆக்ஸைடு,மீ்த்தேன்,ஈத்தேன்,கார்பன் மோனாக்சைடு,கார்பன் மோனாக்சைடு,3,chemistry,0
21,1 ஏக்கர் என்பது,4000 மீ2,100 மீ2,2.47 ஹெக்டேர்,1000 மீ2,4000 மீ2,0,chemistry,0
22,அறை வெப்பநிலையில் நீர்ம்மாக உள்ள உலோகம்,சீசியம்,மெர்குரி,காலியம்,புரோமின்,மெர்குரி,1,chemistry,1
23,அறை வெப்பநிலையில் நீர்ம்மாக உள்ள அலோகம்,மெர்குரி,காலியம்,சீசியம்,புரோமின்,புரோமின்,3,chemistry,0
24,அண்டம் மற்றும் விண்மீன்களில் உள்ள முக்கியமான தனிமங்கள் ,ஹைட்ரஜன்,புரோட்டியம்,நைட்ரஜன்,டியூட்ரியம்,ஹைட்ரஜன்,0,chemistry,0
25,அதிக உருகு கொண்ட உலோகம்,இரும்பு,டங்ஸ்டன்,நிக்கல்,கிராபைட்,டங்ஸ்டன்,1,chemistry,0
26,ஒரு சராசரி மனிதன் உடலில் உள்ள உப்பின் அளவு,110 கிராம்,77 கிராம்,250 கிராம்,210 கிராம்,250 கிராம்,2,chemistry,0
27,மனித உடலில் அதிக அளவுள்ள தனிமம்,ஆக்ஸிஜன்,ஹைட்ரஜன்,ஆர்கான்,குளோரின்,ஆக்ஸிஜன்,0,chemistry,0
28,பலூன்களில் நிரப்பபடும் வாயு,ஹீலியம்,ஹைட்ரஜன்,குளோரின்,ஆக்ஸிஜன்,ஹீலியம்,0,chemistry,0
29,ஒளிரும் விளக்குகளில் பயன்படும் வாயு,கிரிப்டான்,சீசியம்,புரோமின்,நியான்,கிரிப்டான்,0,chemistry,0
30,விளம்பரங்களில் பயன்படும்ஒளிரும் விளக்குகளில் பயன்படும் வாயு,கிரிப்டான்,நியான்,டியூட்ரியம்,டங்ஸ்டன்,நியான்,1,chemistry,0
31,டங்ஸ்டன் விளக்குகளில் பயன்படும் வாயு,ஆர்கான்,ஹீலியம்,நியான்,ஹைட்ரஜன்,ஆர்கான்,0,chemistry,0
32,அதிக ஒளிரக்கூடிய விளக்குகளில் பயன்படும் வாயு,நியான்,செனான்,ரேடான்,ஆர்கான்,செனான்,1,chemistry,1
33,பற்பசை பயன்படுத்தப்படும் வாயு,புளூரின்,குளோரின்,ஹீலியம்,ஆர்கான்,புளூரின்,0,chemistry,0
34,மெர்குரி என்பதன் பொருள்,அறிஞர் பெயர்,இடத்தின் பெயர்,கடவுளின் பெயர்,அலோகத்தின் பெயர்,கடவுளின் பெயர்,2,chemistry,1
35,அருண் என்ற பெயரில் உள்ள தனிமம் எது,ஆர்கான்,நைட்ரஜன்,யுரேனியம்,இவை அனைத்தும்,இவை அனைத்தும்,3,chemistry,1
36,பிளாஸ்டிக் பொருள் முற்றிலும் சிதையுற ஆகும் காலம்,50000 ஆண்டு,100 ஆண்டு,500 ஆண்டு,10000 ஆண்டு,50000 ஆண்டு,0,chemistry,0
37,சமயல்சோடாவாக பயன்படுத்துவது,சோடியம் கார்பனே்ட்,சோடியம் பை கார்பனே்ட்,சோடியம் குளோரைடு,சோடியம்  ஹைட்ராக்ஸைடு,சோடியம் பை கார்பனே்ட்,1,chemistry,0
38,கிருமிநாசினியாக பயன்படும் வேதிப்பொருள்,சலவைத்தூள்,சலவை சேடா,எரி சேடா,சுண்ணாம்பு நீர்,சலவைத்தூள்,0,chemistry,0
39,கால்சியம் ஆக்ஸிகுளோரைடு என்பது,எரி சேடா,சலவைத்தூள்,சலவை சேடா,சுண்ணாம்பு நீர்,சலவைத்தூள்,1,chemistry,0
40,பொருண்மை அழியாத விதியை உருவாக்கியவர்,ப்ரௌஸ்ட்,லவாய்சியர்,ஜான்டால்டன்,போர்,லவாய்சியர்,1,chemistry,1
41,மாறா விகித விதியை கூறியவர்,லவாய்சியர்,போர்,ப்ரௌஸ்ட்,ஜான்டால்டன்,ப்ரௌஸ்ட்,2,chemistry,0
42,எலட்ரானைக் கண்டுபிடித்தவர்,ஜெ.ஜெ.தாமஸ்,சாட்விக்,ராண்டஜன்,லவாய்சியர்,ஜெ.ஜெ.தாமஸ்,0,chemistry,1
43,புரோட்டானை கண்டுபிடித்தவர்,கோல்ஸ்டீன்,ஜெ.ஜெ.தாமஸ்,ப்ரௌஸ்ட்,ஜான்டால்டன்,கோல்ஸ்டீன்,0,chemistry,0
44,நியூட்ரான் யாரால்  கண்டுபிடித்தவர்,ஜெ.ஜெ.தாமஸ்,போர்,சாட்விக்,கோல்ஸ்டீன்,சாட்விக்,2,chemistry,0
45,தமிழ் நாட்டில் கற்றாலை உள்ள இடம்,குடிமங்கலம்,பல்லடம்,கயத்தாறு,இவையனைத்தும்,இவையனைத்தும்,3,chemistry,0
46,கருப்பு தங்கம் எனப்படும் திரவம்,நிலக்கிரி தாள் ,பெட்ரோலியம்,மண்ணென்னை,டீசல்,பெட்ரோலியம்,1,chemistry,1
47,இயற்கை வாயு எத்தனை சதவீதம் மீத்தேன் உள்ளது,0.9,0.95,0.78,1,0.9,0,chemistry,0
48,உலகில் மிக அதிக வெப்ப ஆண்டாக எந்த ஆண்டை குறிப்பிடப்படுகிறது,2000,1998,2003,1996,1998,1,chemistry,0
49,நீரில் மிதக்கும் எண்ணெய் கசிவை அகற்ற உயிரிய தீர்வாக பயன்படுவது,பூஞ்சைகள்,சூடோமோனாஸ்,ஈஸ்ட்,பேசில்லஸ்,சூடோமோனாஸ்,1,chemistry,0
50,பதமாக்கும் இயல்புடையது எது?,நாப்தலீன்,அயோடின்,கற்பூரம்,இவையனைத்தும்,இவையனைத்தும்,3,chemistry,0
51,நாணயம் என்பது எந்த கலவைக்கு உதாரணம்,திண்மத்தில் திண்மம்,நீர்மத்தில் திண்மம்,திண்மத்தில் நீர்மம்,வாயுவில் நீர்மம்,திண்மத்தில் திண்மம்,0,chemistry,0
52,சோடாபானம் என்பது எவ்வகை கலவையால் ஆனது,நீர்மத்தில் வாயு,நீர்மத்தில் நீர்மம்,வாயுவில் நீர்மம்,நீர்மத்தில் திண்மம்,நீர்மத்தில் வாயு,0,chemistry,0
53,கலவை எது?,கடல் நீர்,தாதுக்கள்,மண்,இவையனைத்தும்,இவையனைத்தும்,3,chemistry,1
54,நாம் சுவாசிக்கும் போது வெளியிடப்படும் காற்றில் ஆக்ஸிஜன் எத்தனை சதவீதம் உள்ளது,0.16,0.04,0.12,0,0.16,0,chemistry,0
55,நாம் சுவாசிக்கும் போது வெளியிடப்படும் காற்றில் நைட்ரஜன் எத்தனை சதவீதம் உள்ளது,0.7,0.78,0.77,0.75,0.78,1,chemistry,0
56,நாம் சுவாசிக்கும் போது வெளியிடப்படும் காற்றில் காரியமில வாயு  எத்தனை சதவீதம் உள்ளது,0.0003,0.003,0.04,0.004,0.04,2,chemistry,0
57,ஹைட்ரஜனின் ஐசோடோப்பு எது?,புரோட்டியம் ,டியூட்ரியம்,டிரிட்டியம்,இவையனைத்தும்,இவையனைத்தும்,3,chemistry,1
58,புற்றுநோய் சிகிச்சையில் பயன்படும் ஐசோடோப்பு ,பாஸ்பரஸ்-32,கோபால்ட்-60,கார்பன்-11,இரும்பு-59,கோபால்ட்-60,1,chemistry,0
59, முன்கழுத்துக் கழலை நோயை குணப்படுத்த உதவும் ஐசோடோப்பு ,அயோடின் 131,பாஸ்பரஸ்-32,கோபால்ட்-60,இரும்பு-59,அயோடின் 131,0,chemistry,0
60,இரத்த சோகையை நீக்க பயன்படும் ஐசோடோப்பு,கார்பன்-11,இரும்பு-59,பாஸ்பரஸ்-32,அயோடின் 131,இரும்பு-59,1,chemistry,0
61,நவீன ஆவர்த்தன அட்டவணை உருவாக்கியவர்,மோஸ்லே,நியூலண்ட்,மெண்டலீப்,டோபனர்,மெண்டலீப்,2,chemistry,0
62,தனிமங்களின் எண்ம விதி யாரால் வெளியிடப்பட்டது,டோபனர்,மோஸ்லே,நியூலண்ட்,லவாய்சியர்,நியூலண்ட்,2,chemistry,0
63,தனிமங்களின் அணுநிறைகளின் அடிப்படை மும்பை விதியை உருவாக்கியவர்,மெண்டலீப்,நியூலண்ட்,டோபனர்,மோஸ்லே,டோபனர்,2,chemistry,0
64,ஈகா அலுமினியம் என்றழைக்கப்படும் தனிமம்,அலுமினியம்,போரான்,கேலியம்,ஸ்கேன்டியம்,கேலியம்,2,chemistry,0
65,ஈகா போரான் என்றழைக்கப்படும் தனிமம்,கேலியம்,ஸ்கேன்டியம்,அலுமினியம்,ஜெர்மானியம்,ஸ்கேன்டியம்,1,chemistry,0
66,ஈகா சிலிக்கான் என்றழைக்கப்படும் தனிமம்,போரான்,அலுமினியம்,ஜெர்மானியம்,ஸ்கேன்டியம்,ஜெர்மானியம்,2,chemistry,0
67,மின்சாரத்தையும் வெப்பத்தையும் கடத்தும் அலோகம்,அலுமினியம்,காப்பர்,கிராபைட்,லித்தியம்,கிராபைட்,2,chemistry,0
68,மிக குறைந்த எடைக்கொண்ட உலோகம்,கிராபைட்,லித்தியம்,அலுமினியம்,அலுமினியம்,லித்தியம்,1,chemistry,0
69,மிகவும் அதிக எடையுள்ள உலோகம்,ஆஸ்மியம்,சில்வர்,மெர்குரி,காப்பர்,ஆஸ்மியம்,0,chemistry,0
70,உலோகங்களில் அதிக அளவில் மின்சாரத்தை கூடியது ,மெர்குரி,காப்பர்,இரும்பு,சில்வர்,சில்வர்,3,chemistry,1
71,அறை வெப்பநிலையில் நீர்ம நிலையுள்ள உலோகம்,சில்வர்,ஆஸ்மியம்,மெர்குரி,இரும்பு,மெர்குரி,2,chemistry,0
72,அழுகிய முட்டை மணமுடைய வாயு,NO,N2O,PH3,H2S,H2S,3,chemistry,0
73,ஆழ்கடல்  மூழ்குபவர்களால் பயன்படுத்தும் வாயு கலவை,ஆக்ஸிஜன்-நைட்ரஜன்,ஆக்ஸிஜன்-நியான்,ஆக்ஸிஜன்-ஹிலியம்,ஆக்ஸிஜன்-ஹைட்ரஜன்,ஆக்ஸிஜன்-ஹிலியம்,2,chemistry,0
74,பூமியில் கலந்துள்ள நைட்ரஜன் எவ்வித கரைசலுக்கு உதாரணம்,தெவிட்டிய கரைசல்,தெவிட்டாத கரைசல்,காற்று கரைசல்,அதி தெவிட்டிய கரைசல்,தெவிட்டிய கரைசல்,0,chemistry,0
75,ஒரு  கரைசலின் அமிலம் அல்லது காரத்தன்மை அளவிட பயன்படும் அளவீடு முறை,Ph,pH,PH,ph,pH,1,chemistry,1
76,pH - அளவீட்டு முறையை அறிமுகப்படுத்தியவர்,S.P.L.சாரன்சன்,மார்சல்,மாக்லூகான்,ராபின்சன்,S.P.L.சாரன்சன்,0,chemistry,0
77,சிட்ரஸ் பழமரங்கள் எந்த வகையான மண்ணில் நன்கு வளரும்,காரத்தன்மை,அமிலத்தன்மை,நடுநிலைத்தன்மை,இவை அனைத்தும்,காரத்தன்மை,0,chemistry,0
78,வாண்டர்வால்ஸ் பிணைப்பு எவற்றில் காணப்படுகிறது,வைரம்,கிராபைட்,புல்லரில்,இவை அனைத்தும்,கிராபைட்,1,chemistry,0
79,மனித உடலில்  இருக்க வேண்டிய pH அளவு,7.3-7.4,7.4,4.5-6,6.5-7.5,4.5-6,2,chemistry,0
0,ஒலிச்செறிவைஅளக்கும் அலகு,டெசிபல்,வாட்ஸ்,ஹெர்ட்ஸ்,கேண்டிலா,டெசிபல்,0,physics,0
1,உலகில் முதன்முதலாக பிளாஸ்டிக் எப்போது பயன்படுத்தப்பட்டது,1862,1873,1903,1875,1862,0,physics,0
2,உலகில் முதன்முதலாக பிளாஸ்டிக் எங்கு அறிமுகப்படுத்தபட்டது,லண்டன்,நியூயார்க்,பெய்ஜிங்,மாஸ்கோ,லண்டன்,0,physics,0
3,மனிதனால் கேட்க்கூடிய ஒலிஅளவு,20-20000 ஹெர்ட்ஸ்,10-120 ஹெர்ட்ஸ்,20-200   ஹெர்ட்ஸ்,100-1000  ஹெர்ட்ஸ்,10-120 ஹெர்ட்ஸ்,1,physics,0
4,உலக சூற்றுச்சூழல் தினம்,ஜூலை 5,ஜூன் 5,மார்ச் 22,ஏப்ரல் 12,ஜூன் 5,1,physics,0
5,பழங்காலத்தில் பயன்படுத்தப்பட்ட அளவீட்டு முறை,FPS முறை,CGS முறை,MKS முறை,இவை அனைத்தும்,இவை அனைத்தும்,3,physics,1
6,ஒரு மெ்ரிக் டன் என்பது,1000 கி.கி,100கி.கி,10கி.கி,10000கி.கி,1000 கி.கி,0,physics,0
7,காலத்தின் S.I அலகு,ஆண்டு,நிமிடம்,வினாடி,மணி,வினாடி,2,physics,0
8,ரோபோவின் தந்தை என அழைக்கப்படுபவர்,நியூட்டன்,கலீலியோ,எடிசன்,ஐசக் அசிமோ,ஐசக் அசிமோ,3,physics,0
9,மாலுமிக்கு திசை காட்டும் கருவியை அளித்தவர்,ரஷ்யர்கள்,சீனர்கள்,அமெரிக்கர்கள்,ஆங்கிலேயர்கள்,சீனர்கள்,1,physics,0
10,காந்தத்தை தடங்கலின்றி தொங்கவிட்டால் எந்த திசையில் நிற்கும்,வடக்கு-தெற்கு,கிழக்கு-மேற்கு,கிழக்கு-தெற்கு,மேற்கு-கிழக்கு,வடக்கு-தெற்கு,0,physics,0
11,காந்தத்தின் ஈர்ப்பு விசை அதிகம் உள்ள பகுதி,இருமுனைகளில்,நடுவில்,வடமுனை,தென்முனை,இருமுனைகளில்,0,physics,0
12,காந்தம் முதலில் எங்கு கண்டறியப்பட்டது,சீனா,ஆசிய மைனர்,ஐரோப்பா,பிரான்ஸ்,சீனா,0,physics,0
13,வெப்பம் ஒரு வகை ஆற்றல் என கண்டறிந்தவர்,வோல்ட்டர்ஸ்,கலிலியோ,ஜேம்ஸ் ஜூல்,எடிசன்,ஜேம்ஸ் ஜூல்,2,physics,0
14,துணி விரைவில் உலர தேவையான ஆற்றல்,காற்று ஆற்றல்,இயக்க ஆற்றல்,சூரிய வெப்ப ஆற்றல்,ஒலி ஆற்றல்,சூரிய வெப்ப ஆற்றல்,2,physics,0
15,உலக விண்வெளி ஆண்டு,2000,2009,2010,2015,2009,1,physics,1
16,சூரிய ஒளி புவியை வந்தடைய எடுத்துக்கொள்ளும் நேரம்,8நி 20 வி,20நி 8வி,500நி,200நி,8நி 20 வி,0,physics,0
17,விண்வெளிக்கு சென்ற முதல் இந்திய பெண்,கிரண்பேடி,கல்பனா சாவ்லா,வட்சுமி,ருக்மணி,கல்பனா சாவ்லா,1,physics,0
18,பருப்பொருள்களின் நிலைகள் எத்தனை வகைப்படும்,3,4,5,6,5,2,physics,0
19,பருப்பொருள்களின் நான்காம் நிலை,திண்மம்,திரவம்,வாயு,பிளாஸ்மா,பிளாஸ்மா,3,physics,1
20,ஒரு நானோமீட்டர் என்பது,10^-10 மீ,10^-12மீ,10^-9மீ,10^-6மீ,10^-9மீ,2,physics,1
21,எல்லா திசைகளிலும் எளிதில் பாய்வது,திண்மம்,திரவம்,வாயு,இவை அனைத்தும்,வாயு,2,physics,0
22,பனிக்கட்டி நீர்மமாகும் போது,வெப்பத்தை வெளியிடுகிறது,வெப்பத்தை எடுத்துக்கொள்கிறது,வெப்பநிலையில் மாற்றமில்லை,இவை அனைத்தும்,வெப்பத்தை எடுத்துக்கொள்கிறது,1,physics,0
23,வாயுவின் வெப்பநிலை குறைந்து நீர்ம்மாகும் போது,வெப்பத்தை வெளியிடுகிறது,வெப்பத்தை எடுத்துக்கொள்கிறது,வெப்பநிலையில் மாற்றமில்லை,இவை அனைத்தும்,வெப்பத்தை வெளியிடுகிறது,0,physics,0
24,வாயு மூலக்கூறுக்கிடையே உள்ள ஈர்ப்பு விசை,திண்மத்தை விட அதிகம்,திரவத்தை விட அதிகம்,திண்மத்தை விட குறைவு,திரவத்திற்கு சம்ம்,திண்மத்தை விட குறைவு,2,physics,0
25,மூன்று நிலைகளிலும் இருக்கும் ஒரே பொருள்,நீர் ,கண்ணாடி,கல்,இவை அனைத்தும்,நீர் ,0,physics,0
26,தனிஊசலின் அலைவு நேரம் எதை பொறுத்து அமையும்,குண்டின் நிறை,வீச்சு,நீளம்,இவை அனைத்தும்,நீளம்,2,physics,0
27,வானியல் அலகு என்பது,9.46*10^12 கி.மீ,1.496*10^12 கி.மீ,1.496*10^8 கி.மீ,1.496*10^8 மீ,1.496*10^8 கி.மீ,2,physics,0
28,ஒளியாண்டு என்பது,9.46*10^12கி.மீ,1.496*10^12 கி.மீ,1.496*10^8 கி.மீ,1.496*10^8 மீ,9.46*10^12கி.மீ,0,physics,0
29,வானியல் அலகு என்பது,புவிக்கும் நிலவுக்கும் இடைப்பட்ட தொலைவு,புவிக்கும் சூரியனுக்கு இடைப்பட்ட தொலைவு,சூரியனுக்கும் புதனுக்கும் இடைப்பட்ட தொலைவு,புவிக்கும் புதனுக்கும்இடைப்பட்ட தொலைவு,புவிக்கும் சூரியனுக்கு இடைப்பட்ட தொலைவு,1,physics,0
30,முதலாவது ஊசல் கடிகாரம் யாரால் வடிவமைக்கப்ட்டது,கலீலியோ,கிறிஸ்டியன் ஹைஜன்ஸ்,நியூட்டன்,ஸ்வான்,கிறிஸ்டியன் ஹைஜன்ஸ்,1,physics,0
31,வேகத்தின் அலகு,m/s,ms^-2,km/h,km/s,m/s,0,physics,1
32,வாகனம் செல்லும் வேகத்தை அளவிடும் கருவி,ஓடோமீட்டர்,வெஞ்சுரி மீட்டர்,அனிமோமீட்டர்,பாராமணி,அனிமோமீட்டர்,2,physics,0
33,தமிழகத்தில் விளையாட்டு விழா எப்போது நடைபெறும்,மார்ச்-ஏப்ரல்,ஏப்ரல்-மே,ஜுலை-ஆகஸ்ட்,ஆகஸ்ட்-செப்டம்பர்,ஆகஸ்ட்-செப்டம்பர்,3,physics,1
34,தமிழ்நாட்டில் காற்றாலை அமைந்துள்ள இடம்,கயத்தாறு ,ஆரல்வாய்மொழி,பல்லடம்,இவை அனைத்தும்,இவை அனைத்தும்,3,physics,0
35,முதலாவது மின்கல் யாரால் வடிவமைக்கப்ட்டது,அலெக்ஸட்ரா வோல்டா,லூயி கல்வானி,ஓம்,மைக்கேல் பாரடே,லூயி கல்வானி,1,physics,1
36,மின்சாரத்தை உருவாக்கும் மீன்,மின் விலங்கு மீன்,மின் கோபைன் மீன்,மின் சுறாமீன்,இவை அனைத்தும்,மின் விலங்கு மீன்,0,physics,0
37,மின் விலங்கு மீன் எங்கு அதிகம் உள்ளது ,நைல் நதி,ஓரினோக்கொ நதி,மிசிசிப்பி,கங்ஙை,ஓரினோக்கொ நதி,1,physics,1
38,மின்னோட்டத்தின் காந்த விளைவை கண்றிந்தவர்,கிறிஸ்டியன் ஒயர்ஸடெட்,கிறிஸ்டியன் ஹைஜன்ஸ்,கலீலியோ,நியூட்டன்,கிறிஸ்டியன் ஒயர்ஸடெட்,0,physics,0
39,நைக்ரோல் எதன் கலவை,இரும்பு.நிக்கல்,"நிக்கல்,காப்பர்", குரோமியம் காப்பர்,"நிக்கல்,குரோமியம்","நிக்கல்,குரோமியம்",3,physics,1
40,பல வண்ணங்களின் தொகுப்பு என்ன நிறமாக இருக்கும்,அடர் சிவப்பு,கருப்பு,நிறமற்று,வெண்மை,வெண்மை,3,physics,1
41,காவலூர் எங்கு உள்ளது?,வேலூர் மாவட்டம்,நீலகிரி மாவட்டம்,தேனீ மாவட்டம்,கன்னியாகுமாரி மாவட்டம்,வேலூர் மாவட்டம்,0,physics,0
42,நிறப்பிரிகையின் போது வெள்ளை ஒளிஎத்தனை நிறங்களாக பிரியும்,3,7,5,12,7,1,physics,1
43,வாகனங்களின் பின்புறத்தில் உள்ளவற்றை வாகன ஓட்டுனர் எதன் மூலம் காண்பார்,குவி ஆடி,குழி ஆடி,சமதள ஆடி,இருபுற குவி ஆடி,குவி ஆடி,0,physics,1
44,ஒளிச் செறிவின் அலகு,டெசிபெல்,கேண்டிலா,ஹெர்ட்ஸ்,இவைகளில் எதுவுமில்லை,கேண்டிலா,1,physics,0
45,SI  அலகு முறையில் அடிப்படை அளவுகளின் எண்ணிக்கை,22,3,7,5,7,2,physics,0
46,SI  அலகு முறையில் வழி அளவுகளின் எண்ணிக்கை,23,20,22,44,22,2,physics,1
47,நிலநடுக்கத்தை அளவிட பயன்படுத்தப்படும் அளவு,ரிக்டார்,வெக்டார்,மீட்டர்,கேண்டிலா,ரிக்டார்,0,physics,0
48,மீயோலியை உணரக் கூடிய உயிரினம்,வௌவால்,மனிதன்,நாய்,இவை அனைத்தும்,வௌவால்,0,physics,0
49,அழுத்தத்தின் அலகு,மீ/வி,பாஸ்கல்,நி.மீ2,நி.மீ -3,பாஸ்கல்,1,physics,1
50,சூரிய ஒளி புவியை வந்தடைவது எவ்வகையான வெப்பப் பரவல்,வெப்பச்சலனம்,வெப்பக்கதிர் வீசல்,வெப்பக்கடத்தல்,இவை அனைத்தும்,வெப்பக்கதிர் வீசல்,1,physics,1
51,இடிதாங்கியை கண்டுப்பிடித்தவர்,பெஞ்சமின் பிராங்களின் ,அலெக்சாண்டர் பிளமிங்,மைக்கேல் பாரடே,கிறிஸ்டியன் ஒயர்ஸ்டெட்,பெஞ்சமின் பிராங்களின் ,0,physics,0
52,பெரிஸ்கோப் எந்த தத்துவத்தில்  செயல் படுகிறது,ஒளி விலகல்,முழுஅக எதிரொளிப்பு,ஒளி எதிரொளிப்பு,ஒளி ஊடுருவல்,ஒளி எதிரொளிப்பு,2,physics,0
53,தெளிவுறு காட்சியின் மீட்சிறு தொலைவு,2.5 மீ,35 செ.மீ,25 செ.மீ,15 செ.மீ,25 செ.மீ,2,physics,1
54,மீயொலி எனப்படும் ஒலி அதிர்வெண் நெடுக்கம் ,20000 Hz-க்கு மேல்,2000 Hz-க்கு மேல்,20 Hz-க்கு கீழ்,200000 Hz-க்கு கீழ்,20000 Hz-க்கு மேல்,0,physics,0
55,குற்றொலி எனப்படும் ஒலி அதிர்வெண் நெடுக்கம்,20 Hz-க்கு மேல்,2 Hz-க்கு கீழ்,20 Hz-க்கு கீழ்,200 Hz-க்கு கீழ்,20 Hz-க்கு கீழ்,2,physics,0
56,ஆல்பா துகள்கள் என்பது எந்த தனிமத்தின் உட்கருவைப் பெற்றுள்ளது? ,ஹைட்ரஜன்,நியான்,செனான்,ஹீலியம்,ஹீலியம்,3,physics,0
57,அணுக்கரு இயற்பியல் தந்தை என அழைக்கப்படுபவர்,எர்னஸ்ட்ருதர்போர்டு,நீல்ஸ்போர்,ஜான்டால்டன்,தாம்சன்,எர்னஸ்ட்ருதர்போர்டு,0,physics,0
58,நியூட்ரானை கண்டுப்பிடித்தவர்,சாட்விக்,தாம்சன்,எர்னஸ்ட்ருதர்போர்டு,நீல்ஸ்போர்,சாட்விக்,0,physics,0
59,கார்பனின் புறவேற்றுமை வடிவங்களுக்கு உதாரணம்,வைரம்,கிராபைட்,புல்லரீன்,இவை அனைத்தும்,இவை அனைத்தும்,3,physics,1
60,எஃகு இரும்பில் உள்ள கார்பனின் சதவீதம்,0.2-4%,2-4.5%,0.25-2%,0.22-1%,0.25-2%,2,physics,0
61,திருகு அளவியின் மீச்சிற்றளவு,0.001 செ.மீ,0.1 செ.மீ,1 செ.மீ,0.01 செ.மீ,0.001 செ.மீ,0,physics,0
62,சந்திரயன் 1 எப்போது ஏவப்பட்டது,2008,2006,2004,2007,2008,0,physics,0
63,சந்திராயன் 1 மற்றும் 2 திட்ட இயக்குனர்,இராமகிருஷ்ணன்,இராதாகிருஷ்ணன்,மயில்சாமி அண்ணாதுறை,மாதவன்,மயில்சாமி அண்ணாதுறை,2,physics,0
64,விண்ணில் அமைக்கப்பட்ட விண்வெளி நிலையம்,அல்மேஜ்,ஸ்கைலோப்,மீர்,இவை அனைத்தும்,இவை அனைத்தும்,3,physics,0
65,உயிரி தொழில் நுட்பம் அமைப்புகளின் பயன்படும் குளிரி,ஹிலியம்,ஹைட்ரஜன் ,அமோனிய,குளோரின்,ஹைட்ரஜன் ,1,physics,0
66,M R I ஸ்கேனரில் பயன்படும் தனிம்ம,திரவ ஹிலியம்,திரவ ஹைட்ரஜன் ,  திரவ அமோனிய,திரவ குளோரின்,திரவ ஹிலியம்,0,physics,0
67,லென்சின் திரனின் அலகு,டையாப்ரம்,ஸ்டிரோடியன்,ரோடியன்,டையாப்டர்,டையாப்டர்,3,physics,0
68,கிட்டபார்வை ஏற்ப்பட காரணம்,விழி லென்ஸ் அதிகப்படியான வளைவு,விழிகோளம்,விழி லென்ஸ் குவிய தொலைவு குறைதல்,இவை அனைத்தும்,இவை அனைத்தும்,3,physics,0
69,மையோபியா என்பது,கிட்டபார்வை,தூரப்பார்வை,கார்ரியா பாதிப்பு,விழிதிறை பாதிப்பு,கிட்டபார்வை,0,physics,0
70,இருகுவிய லென்ஸை உருவாக்கியவர் யார்,எட்வின்  ஹப்புளர்,பெஞ்சமின் பிராங்கின்,கலிலியோ,தாமஸ்,பெஞ்சமின் பிராங்கின்,1,physics,0
71,கிட்டபார்வை சரிசெய்ய பயன்படும் லென்ஸ்,குவி லென்ஸ்,குழி லென்ஸ்,இரு குவிய கண்ணாடி,இவைகளில் எதுவுமில்லை,குழி லென்ஸ்,1,physics,0
72,பின்வருவனவற்றுள் எது தூரப்பார்வை குறிக்கும்,மையோபிய,பிரஷ்னாயோபியா,போட்டோபோபியா,ஹைப்பர்மெட்ரோபியா,ஹைப்பர்மெட்ரோபியா,3,physics,1
73,தூரபார்வை சரிசெய்ய பயன்படும் லென்ஸ்,குவி லென்ஸ்,குழி லென்ஸ்,இரு குவிய கண்ணாடி,இவைகளில் எதுவுமில்லை,குவி லென்ஸ்,0,physics,0
74,காற்றாலை இயங்க தேவைப்படும் குறைந்தபட்ச  வேகம் (கி.மீ/ம),10,15,20,25,15,1,physics,0
75,இந்தியாவில் வீடுகளுக்கு வழங்கப்படும் மின்னாற்றலின்அளவு (V),270,210,220,230,220,2,physics,0
76,ஒரு முழு திண்ம பெருளின் யங்குணகம் ,0,1,0.5,முடிவிலி,முடிவிலி,3,physics,1
77,கீழ்கண்டவற்றுள் எது ஸ்கேலர் அளவு அல்ல,பாகுநிலை,பரப்பு இழுவிசை,அழுத்தம்,தகைவு,தகைவு,3,physics,0
78,கம்பின் வெப்பநிலை உயர்த்தப்பட்டால் அதன் யங்குணம்,மாறாது,குறையும்,அதிக அளவு உயரும்,மிக குறைவு,குறையும்,1,physics,1
79,சார்லஸ் விதியின்படி பருமன் மற்றும் வெப்பநிலைக்குமான வரைப்படம்,நீள்வட்டம்,வட்டம்,நேர்கோடு,பரவளையம்,நேர்கோடு,2,physics,0
0,பின்வருவனவற்றுல் எது உன்மை அல்ல,(4237 + 5498) + 3439 = 4237 + (5498 + 3439),(4237 × 5498) × 3439= 4237 × (5498 × 3439),4237+5498×3439=(4237+5498)×3439,4237 × (5498 + 3439) = (4237 × 5498) + (4237 × 3439),,2,math,0
1,நூல் விற்பனையாளர் 175 ஆங்கில நூல்களையும் 245 அறிவியல் நூல்களையும் 385 கனித நூல்களையும் வைத்துள்ளார். ஒவ்வொரு பெட்டியிலும் பாட வாரியாக சம எண்ணிக்கையில் மூண்டரு பாட நூல்களையும் வைத்து விற்க விரும்புகிறார். அதிகபட்சமாக எத்தனைப் பெட்டிகள் தேவைபடும்? ஒரு பெட்டியில் உள்ள ஒவ்வொரு பாட நூல்களின் எண்ணிக்கையைக் காண்க,20,33,23,32,,2,math,0
2,"ஒரு பூங்காவானது நாற்கர வடிவிலுள்ளது. அந்த பூங்காவாது பக்க அளவுகள் முறையே 15 மீ, 20 மீ, 26 மீ, 17 மீ ம்ற்றும் முதல் இரண்டு பக்கங்களுக்கு இடையேயுள்ள கோணம் செங்கோணம் எனில் பூங்காவின் பரப்பை காண்க. (மீ^2)",345,354,385,365,,2,math,0
3,"ஒரு மிதிவண்டி உற்ப்த்தி செய்யும் நிருவனம் 35 மிதிவண்டிகளை 5 நாட்களில் உற்பத்தி செய்கிறது எனில், அந்நிறுவனம் 21 நாட்களில் உற்பத்தி செய்யும் மிதிவண்டிகளின் எண்ணிக்கை _______",150,70,100,147,,3,math,0
4,கீழே கொடுக்கபட்டவைகளில் எது பரவல் அளவை இல்லை?,வீச்சு,திட்டவில்க்கம்,கூட்டுச்சராசரி,விலக்க வர்க்கச் சராசரி,,2,math,0
5,"ஒரு கிரிக்கெட் அணி கடைசி 10 போட்டிகளில் பெற்ற ஓட்டங்கள் 235, 400, 351, x, 100, 315, 410, 165, 260 மற்றும் 284, எனில் அந்த அணி 4வது போட்டியில் பெற்ற ஓட்டங்களைக் கண்டுபிடி?",240,260,340,360,,0,math,0
6,"வட்ட வடிவ மட்டைப் பந்துத் திடலின் ஆரம் 76 மீ. அந்தத் திடலைச் சுற்றிலும் 2 மீ அகலத்தில் மழைநீர் வடிவதற்கான வடிகால் அமைக்க வேண்டியிருந்தது. ஒரு சதுர மீட்டருக்கு ரூ. 180 வீதம் செலவானால், அந்த வடிகால் அமைக்கத் தேவையான மொத்தத் தொகயை காண்க. (ரூ.)","1,74,240","1,56,320","1,48,240","1,64,360",,1,math,0
7,"ஓர் இயந்திரத்தின் தற்போதைய மதிப்பு 40,000 மற்றும் ஒவ்வொரு வருடமும் அதன் மதிப்பு 10% குறைகிறது. 6வது வருடத்தில் இயந்திரத்தின் தோராய மதிப்பைக் காண்க",19769.3,23619.6,20000,23̀169,,1,math,0
8,"ஒரு பள்ளியில் 560 மாணவர்கள் உள்ளனர். அதில் 320 பேர் சிறுவர்கள் எனில், அந்த பள்ளியிலுள்ள சிறுமிகளின் சதவீதத்தைக் கண்டறியவும்",40.16,42.04,44.14,42.86,,3,math,1
9,பதினோறாவது பிபநோசி எண் என்ன,55,77,89,55,,3,math,0
10,"10, 17, 16, 21, 13, 18, 12, 10, 19, 22 என்ற வகைப்படுத்தபடாத தரவுகளின் இடைநிலை அளவு காண்க",17,16.5,13,10,,1,math,0
11,மணி ஓர் அன்பளிப்பு பொருளை ரூ. 1500 க்கு வாங்குகிறார். அப்பொருளை விற்பனை செய்யும் போது ரூ.150 இலாபம் பெற விரும்பி ரூ.1800 என விலை குறிக்கிறார். அவர் தனது வாடிக்கையாளர்களுக்கு எவ்வளவு தள்ளுபடி தர வேண்டும்.,50,100,150,200,,3,math,0
12,"ஒரு நகரில், 40% மக்கள் ஒரு வகை பழத்தை மட்டும், 35% மக்கள் இரண்டு வகை பழங்களையும் விரும்புகிறார்கள் எனில், மேற்கண்ட மூண்று வகை பழங்களையும் விரும்பாதவர்களின் சதவீதம் என்ன?",5,8,10,15,,0,math,1
13,ஓர் அறைக்கோளத்தின் மேல் ஓர் உள்ளீடற்ற உருளையைப் பொருத்திய வடிவத்தில் அமைந்த ஒரு கிண்ணத்தின் விட்டம் 14 செ.மீ. எனில் அதன் கொள்ளளவைக் காண்க,1642.54,1642.42,1644.54,1642.67,,3,math,0
14,"P மற்றும் Q ஆகியோர் ஒரு வேலையை முறையே 20 மற்றும் 30 நாள்களில் முடிப்பர் அவர்கள் இருவரும் ஒன்றாகச் சேர்ந்து வேலையைத் தொடங்கின்ர். சில நாட்கள் வேலை செய்த பிறகு Q ஆனவர் சென்றுவிடுகிறார். மீதமுள்ள வேலையை P ஆனவர் 5 நாட்களில் முடிக்கிறார் எனில், தொடங்கியதிலிருந்து எத்தனை நாள்களுக்கு பிறகு  வேலையை விட்டு சென்றார்?",9,8,10,12,,0,math,0
15,ஒரு குடும்பம் ஒரு ஹோட்டலுக்கு சென்று உணவிற்கு ரூபாய் 350 செலவழித்தனர் மற்றும் கூடுதலாக 5% GST செலுத்தினர். CGST மற்றும் SGST கணக்கிடுக.,₹8.75,₹2.5,₹10.25,₹7.75,,0,math,0
16,"தச்சர் A ஒரு நாற்காலியின் பகுதிகளை பொருத்த 15 நிமிடங்கள் எடுத்துக்கொள்கிறார், அதேவேளை தச்சர் B அதே வேலை செய்ய A விட 3 நிமிடங்கள் கூடுதலாக எடுத்துக்கொள்கிறார். இருவரும் சேர்ந்து பணிபுரிந்தால், 22 நாற்காலிகளின் பகுதிகளை பொருத்த எவ்வளவு நேரம் ஆகும்?",180 நிமிடங்கள்,180 நொடிகள்,180 மணிகள்,ஏதுமில்லை,,0,math,0
17,ஜானகி கைகளில் ஓர் இணைகர வடிவிலான ஒரு துணி உள்ளது. அதன் உயரம் 12 செ.மீ. மற்றும் அடிப் பகுதி 18 செ.மீ. அவள் இந்த துணியை நடுப்புள்ளிகளின் வழியாக சமமான நான்கு இணைகரங்களாக வெட்டுகிறாள். ஒவ்வொரு புதிய பரலல் சதுரத்தின் பரப்பளவை கண்டறியவும். (செ.மீ^2),34,56,45,54,,3,math,0
18,"பின்வரும் எண் வரிசையில் அடுத்த மூன்று எண்களை கண்டுபிடிக்கவும்.

21/33, 321/444, 4321/5555","12345/6666, 123456/777777, 1234567/8888888","54321/66666, 654321/7777777, 7654321/88888888","54321/6666, 654321/7777777, 7654321/8888888","12345/6666, 123456/7777, 1234567/8888",,1,math,0
19,148 மற்றும் 185 இன்  மீச்சிறு பொது மடங்கு (மீ. போ. ம),690,760,1010,740,,3,math,1
20,"a, b என்ற எண்களின் மீச்சிறு பொது மடங்கு (மீ. போ. ம) c எனில் a மற்றும்  b ன் மீச்சிறு பொது மடங்கு (மீ. போ. ம) என்ன?",ab/c,ac/b,bc/a,c/ab,,0,math,0
21,"
254 மற்றும் 508 ஆகிய இரண்டாலும் பகிரப்படும், 4 மீதம் இருக்கும் சிறிய எண்களை கண்டுபிடிக்கவும்.",512,762,1024,1524,,0,math,1
22,"கொடுக்கப்பட்ட மூன்று எண்களின் பெருக்கம் 1875 மற்றும் அவற்றின் HCF 5 ஆக இருந்தால், அவற்றின் மீச்சிறு பொது மடங்கு (மீ. போ. ம) என்ன?",75,125,375,450,,0,math,1
23,"ஒரு அறையின் நீளம், அகலம் மற்றும் உயரம் முறையே 825 செ.மீ, 675 செ.மீ மற்றும் 450 செ.மீ ஆகும். அறையின் மூன்று பரிமாணங்களையும் துல்லியமாக அளவிடக்கூடிய மிக நீளமான கட்டையை கண்டுபிடிக்கவும்.",44550,14850,75,1350,,0,math,0
24,எண்கள் 18 மற்றும் 30ன் மீச்சிறு பொது மடங்கு (மீ. போ. ம) மற்றும் மீ.பெ.க விகிதத்தை கண்டுபிடிக்கவும்.,01:18:00,01:30:00,18:30:00,01:15:00,,3,math,0
25,"கார்முகிலன் மற்றும் கவிதா ஒரு வினாடி வினா போட்டியில் அளித்த பதில்களின் எண்ணிக்கை 10:11 என்ற விகிதத்தில் உள்ளது. அவர்கள் மொத்தமாக 84 புள்ளிகள் பெற்றிருந்தால், கவிதா எத்தனை புள்ளிகள் பெற்றார்?",66,55,44,40,,2,math,0
26,"ஒரு வீட்டில் நான்கு மொபைல் போன்கள் உள்ளன. காலை 5 மணி அளவில், எல்லா நான்கு மொபைல் போன்களும் ஒரே நேரத்தில் ஒலிக்கும். அதன் பின்னர், முதல் மொபைல் போன் ஒவ்வொரு 20 நிமிடத்திற்கும் ஒலிக்கும், மூன்றாவது மொபைல் போன் ஒவ்வொரு 25 நிமிடத்திற்கும் ஒலிக்கும் மற்றும் நான்காவது மொபைல் போன் ஒவ்வொரு 30 நிமிடத்திற்கும் ஒலிக்கும். எப்போது, நான்கு மொபைல் போன்களும் மீண்டும் ஒரே நேரத்தில் ஒலிக்கும்?",காலை 4 மணி,மாலை 10 மணி,காலை 10 மணி,மாலை 4 மணி,,2,math,1
27,"நாற்பது மாணவர்கள் ஒரு விடுதியில் தங்குகின்றனர். அவர்களுக்கு 30 நாட்களுக்கு சாப்பாட்டு பொருட்கள் இருந்தன. மாணவர்கள் இரட்டிப்பாகியால், அந்த சாப்பாட்டு பொருட்கள் எத்தனை நாட்கள் இருக்கும்?",15,14,13,16,,0,math,0
28,"
ஒரு புத்தக வியாபாரியிடம் 175 ஆங்கில புத்தகங்கள், 245 அறிவியல் புத்தகங்கள் மற்றும் 385 கணித புத்தகங்கள் உள்ளன. அவர் புத்தகங்களை ஒவ்வொரு பாடப்பொருளாகவும் சம அளவில் ஒரு பெட்டியில் விற்க விரும்புகிறார். அதிகபட்சம் எத்தனை பெட்டிகள் தேவைப்படும்? ஒவ்வொரு பெட்டியிலும் ஒவ்வொரு பாடப்பொருளுக்கும் எத்தனை புத்தகங்கள் இருக்கும் என்பதையும் கண்டுபிடிக்கவும்.",20,33,23,32,,2,math,0
29,"
ஒரு வயல் செங்கோண முக்கோண வடிவத்தில் உள்ளது, இதன் அடிவாயில் 25 மீட்டரும் உயரம் 20 மீட்டரும் ஆகும். சதுர மீட்டருக்கு ₹45 என்ற விகிதத்தில் வயலை சமன் செய்வதற்கான செலவை கண்டுபிடிக்கவும்.",₹ 11250,₹11200,₹11050,₹11300,,0,math,0
30,ஒரு மனிதர் ஒரு சாய் சதுரத்திற்கு நிகரான நீச்சல் குளத்தை கட்ட வேண்டியுள்ளது. ஒரு சாய்வுக்கு 13 மீட்டரும் மற்றொன்று அதற்கும் இரட்டிப்பும் ஆகும். அப்போது நீச்சல் குளத்தின் பரப்பளவை கண்டுபிடிக்கவும் மற்றும் சதுர செ.மீக்கு ரூ. 15 என்ற விகிதத்தில் தரையை சிமெண்ட் செய்வதற்கான செலவை கணக்கிடவும்.,"159 cm செ.மீ., 2535","169 செ.மீ., 2535","180 செ.மீ., 3525","199 செ.மீ., 3525",,1,math,1
31,"
ஒரு பூங்கா வட்ட வடிவில் உள்ளது. அதன் மையப் பகுதியில் குழந்தைகளுக்கான விளையாட்டுப் பொருட்கள் உள்ளன, அதைச் சுற்றி ஒரு வட்ட நடைபாதை உள்ளது. அதன் வெளிப்புற விட்டம் 10 மீட்டரும், உள்புற விட்டம் 3 மீட்டரும் ஆகும். நடைபாதையின் பரப்பளவை (சதுர மீட்டரில்) கண்டுபிடிக்கவும்.",276,286,246,256,,1,math,0
32,"அக்ஷயாவுக்கு தனது பைகளில் 2 ரூபாய் நாணயங்களும் 5 ரூபாய் நாணயங்களும் உள்ளன. அவளுக்கு மொத்தமாக 80 நாணயங்கள் ₹220 ஆக இருப்பின், அவளுக்கு ஒவ்வொரு வகையிலும் எத்தனை நாணயங்கள் இருக்கின்றன?","20,60","60,20","30,20","60,25",,3,math,0
33,சராசரியிலிருந்து கிடைக்கப் பெற்ற தரவுப் புள்ளிகளுடைய விலக்கங்களின் கூடுதலானது ....................,எப்பொழுதும் மிகை எண்,எப்பொழுதும் குறை எண்,பூச்சியம்,பூச்சியமற்ற முழுக்கள்,,2,math,0
34,ஒரு கார் 2 மணி 30 நிமிடங்களில் 90 கிமீ பயணம் செய்கிறது. 210 கிமீ பயணம் செய்ய எவ்வளவு நேரம் தேவை?,4 மணி 30 நிமிடங்கள்,4 மணி 50 நிமிடங்கள்,5 மணி 50 நிமிடங்கள்,5 மணி 40 நிமிடங்கள்,,2,math,0
35,ஒரு கூட்டுத் தொடர் வரிசையில் முதல் உறுப்பு 1 மற்றும் பொது வித்தியாசம் 4. இந்த கூட்டுத் தொடர்வரிசையின் எத்தனை உறுப்புகளைக் கூட்டினால் அதன் கூடுதல் 120 கிடைக்கும்,6,7,8,9,,2,math,0
